x,y,val
0.0,0.0,474.224075
6.0,0.0,749.593665
12.0,0.0,-36.874397
18.0,0.0,-255.970953
24.0,0.0,-512.422377
30.0,0.0,-353.156803
36.0,0.0,-269.85286
42.0,0.0,-372.586972
48.0,0.0,-834.016074
54.0,0.0,-776.971686
60.0,0.0,-570.530454
66.0,0.0,-183.533745
72.0,0.0,410.148254
78.0,0.0,306.953297
84.0,0.0,8.115114
90.0,0.0,-405.137127
96.0,0.0,-258.137721
102.0,0.0,-403.129118
108.0,0.0,-509.47614
114.0,0.0,-60.119306
120.0,0.0,-40.037057
126.0,0.0,-532.989036
132.0,0.0,-100.3713
138.0,0.0,44.65782
144.0,0.0,54.862272
150.0,0.0,-257.659604
156.0,0.0,-425.328445
162.0,0.0,-385.36112
168.0,0.0,-78.945016
174.0,0.0,-418.979534
180.0,0.0,-762.878067
186.0,0.0,-386.242755
192.0,0.0,-159.284279
198.0,0.0,-39.921405
5.0,1.0,695.238031
11.0,1.0,93.67507
17.0,1.0,-280.582936
23.0,1.0,-368.544611
29.0,1.0,-422.596946
35.0,1.0,-157.078666
41.0,1.0,-405.154015
47.0,1.0,-902.332336
53.0,1.0,-769.317355
59.0,1.0,-677.388051
65.0,1.0,-268.60293
71.0,1.0,201.262991
77.0,1.0,494.925935
83.0,1.0,-141.565533
89.0,1.0,-481.856197
95.0,1.0,-428.033593
101.0,1.0,-415.118207
107.0,1.0,-511.931728
113.0,1.0,-116.69627
119.0,1.0,-207.56239
125.0,1.0,-322.327174
131.0,1.0,-276.961617
137.0,1.0,142.002532
143.0,1.0,-24.745336
149.0,1.0,-132.394629
155.0,1.0,-491.2417
161.0,1.0,-552.482426
167.0,1.0,-389.302605
173.0,1.0,-182.470585
179.0,1.0,-741.947155
185.0,1.0,-413.107599
191.0,1.0,-393.093982
197.0,1.0,-217.627958
4.0,2.0,546.320071
10.0,2.0,304.749845
16.0,2.0,-328.573169
22.0,2.0,-308.543502
28.0,2.0,-524.460075
34.0,2.0,-222.66779
40.0,2.0,-493.536874
46.0,2.0,-866.284542
52.0,2.0,-741.551645
58.0,2.0,-758.138494
64.0,2.0,-349.714978
70.0,2.0,109.882826
76.0,2.0,653.766291
82.0,2.0,-110.070171
88.0,2.0,-475.325693
94.0,2.0,-465.607626
100.0,2.0,-321.034092
106.0,2.0,-398.174171
112.0,2.0,-368.941656
118.0,2.0,-326.686436
124.0,2.0,-215.529366
130.0,2.0,-106.959931
136.0,2.0,81.757014
142.0,2.0,-222.124311
148.0,2.0,76.915798
154.0,2.0,-497.932693
160.0,2.0,-623.052727
166.0,2.0,-450.623618
172.0,2.0,-284.73481
178.0,2.0,-644.477731
184.0,2.0,-451.994186
190.0,2.0,-613.131666
196.0,2.0,-321.352338
3.0,3.0,416.233718
9.0,3.0,332.979326
15.0,3.0,-261.212836
21.0,3.0,-283.500679
27.0,3.0,-510.908553
33.0,3.0,-405.54487
39.0,3.0,-388.541911
45.0,3.0,-662.601625
51.0,3.0,-793.242349
57.0,3.0,-756.821022
63.0,3.0,-421.478754
69.0,3.0,22.475374
75.0,3.0,687.146364
81.0,3.0,-130.811804
87.0,3.0,-439.458719
93.0,3.0,-449.170623
99.0,3.0,-242.416623
105.0,3.0,-255.141402
111.0,3.0,-556.071139
117.0,3.0,-464.676743
123.0,3.0,-297.711302
129.0,3.0,60.115387
135.0,3.0,-91.264003
141.0,3.0,-367.652247
147.0,3.0,-220.705378
153.0,3.0,-335.376919
159.0,3.0,-810.550289
165.0,3.0,-697.441316
171.0,3.0,-205.399658
177.0,3.0,-612.211674
183.0,3.0,-565.001921
189.0,3.0,-524.349584
195.0,3.0,-354.32958
2.0,4.0,441.47276
8.0,4.0,275.633354
14.0,4.0,-274.170233
20.0,4.0,-166.041975
26.0,4.0,-489.524003
32.0,4.0,-456.554188
38.0,4.0,-113.640513
44.0,4.0,-553.552542
50.0,4.0,-713.918947
56.0,4.0,-601.726968
62.0,4.0,-320.227808
68.0,4.0,1.264026
74.0,4.0,654.266912
80.0,4.0,-93.747729
86.0,4.0,-448.180553
92.0,4.0,-471.466115
98.0,4.0,-197.695389
104.0,4.0,-181.268461
110.0,4.0,-574.766992
116.0,4.0,-635.125215
122.0,4.0,-368.578701
128.0,4.0,110.573413
134.0,4.0,-77.076593
140.0,4.0,-490.761051
146.0,4.0,-225.896658
152.0,4.0,-32.550694
158.0,4.0,-877.000639
164.0,4.0,-706.281823
170.0,4.0,-55.322973
176.0,4.0,-463.89431
182.0,4.0,-437.642424
188.0,4.0,-282.285261
194.0,4.0,-271.441195
1.0,5.0,403.358594
7.0,5.0,340.85417
13.0,5.0,-246.018538
19.0,5.0,-179.443084
25.0,5.0,-427.208686
31.0,5.0,-532.115218
37.0,5.0,12.604884
43.0,5.0,-392.649269
49.0,5.0,-549.116602
55.0,5.0,-634.683314
61.0,5.0,-366.960886
67.0,5.0,-55.504049
73.0,5.0,326.435617
79.0,5.0,5.017362
85.0,5.0,-564.478805
91.0,5.0,-390.502309
97.0,5.0,-309.096825
103.0,5.0,-237.873867
109.0,5.0,-701.825962
115.0,5.0,-745.767599
121.0,5.0,-354.652923
127.0,5.0,154.516023
133.0,5.0,4.461692
139.0,5.0,-419.584519
145.0,5.0,-295.853492
151.0,5.0,227.454103
157.0,5.0,-641.39178
163.0,5.0,-639.474539
169.0,5.0,-220.561235
175.0,5.0,-255.240805
181.0,5.0,-134.176037
187.0,5.0,-272.862661
193.0,5.0,-152.590757
199.0,5.0,325.610864
0.0,6.0,220.623242
6.0,6.0,488.921369
12.0,6.0,-69.867063
18.0,6.0,-220.181134
24.0,6.0,-381.023527
30.0,6.0,-634.875658
36.0,6.0,-65.593987
42.0,6.0,-224.588886
48.0,6.0,-394.834332
54.0,6.0,-645.35538
60.0,6.0,-424.656628
66.0,6.0,-222.920517
72.0,6.0,14.027646
78.0,6.0,166.287622
84.0,6.0,-509.425213
90.0,6.0,-260.881717
96.0,6.0,-351.017254
102.0,6.0,-397.625634
108.0,6.0,-720.099582
114.0,6.0,-824.912947
120.0,6.0,-315.46833
126.0,6.0,-193.588015
132.0,6.0,185.250707
138.0,6.0,-181.535378
144.0,6.0,-444.163997
150.0,6.0,34.488102
156.0,6.0,-431.783433
162.0,6.0,-809.775653
168.0,6.0,-424.215043
174.0,6.0,-268.1251
180.0,6.0,52.559652
186.0,6.0,-273.516258
192.0,6.0,-9.490989
198.0,6.0,343.010103
5.0,7.0,474.979634
11.0,7.0,122.341471
17.0,7.0,-99.120561
23.0,7.0,-290.600834
29.0,7.0,-540.692186
35.0,7.0,-222.922112
41.0,7.0,-160.147101
47.0,7.0,-281.426514
53.0,7.0,-718.205912
59.0,7.0,-447.343598
65.0,7.0,-256.697075
71.0,7.0,-18.307096
77.0,7.0,255.98468
83.0,7.0,-350.011054
89.0,7.0,-90.67008
95.0,7.0,-306.360899
101.0,7.0,-460.321733
107.0,7.0,-698.734904
113.0,7.0,-824.361589
119.0,7.0,-288.044649
125.0,7.0,-415.580269
131.0,7.0,160.084893
137.0,7.0,149.361714
143.0,7.0,-539.894963
149.0,7.0,121.456313
155.0,7.0,-274.642301
161.0,7.0,-737.165172
167.0,7.0,-343.645536
173.0,7.0,-211.73033
179.0,7.0,62.723742
185.0,7.0,-108.168893
191.0,7.0,-164.202276
197.0,7.0,239.757915
4.0,8.0,423.69887
10.0,8.0,263.727418
16.0,8.0,23.484405
22.0,8.0,-243.464327
28.0,8.0,-383.442378
34.0,8.0,-148.332146
40.0,8.0,-275.106316
46.0,8.0,-94.307577
52.0,8.0,-666.610001
58.0,8.0,-402.322099
64.0,8.0,-202.762603
70.0,8.0,-161.272932
76.0,8.0,433.652139
82.0,8.0,-196.530726
88.0,8.0,27.236759
94.0,8.0,-271.195203
100.0,8.0,-349.460284
106.0,8.0,-643.200888
112.0,8.0,-605.981701
118.0,8.0,-418.131642
124.0,8.0,-411.290371
130.0,8.0,-70.709435
136.0,8.0,226.690941
142.0,8.0,-256.147654
148.0,8.0,156.504944
154.0,8.0,-92.56536
160.0,8.0,-462.960699
166.0,8.0,-549.521146
172.0,8.0,-71.627742
178.0,8.0,-24.253061
184.0,8.0,-53.499678
190.0,8.0,-414.633307
196.0,8.0,-34.820102
3.0,9.0,255.453379
9.0,9.0,287.373451
15.0,9.0,100.276794
21.0,9.0,-279.308757
27.0,9.0,-448.160828
33.0,9.0,-151.166306
39.0,9.0,-212.168723
45.0,9.0,-154.692851
51.0,9.0,-508.89531
57.0,9.0,-375.410396
63.0,9.0,-345.54785
69.0,9.0,-477.42566
75.0,9.0,423.967362
81.0,9.0,-223.078335
87.0,9.0,123.563737
93.0,9.0,-324.027515
99.0,9.0,-243.243215
105.0,9.0,-522.800445
111.0,9.0,-502.390978
117.0,9.0,-497.183042
123.0,9.0,-499.87222
129.0,9.0,-281.907202
135.0,9.0,-185.812678
141.0,9.0,415.416228
147.0,9.0,-238.058839
153.0,9.0,-12.257673
159.0,9.0,-285.118619
165.0,9.0,-568.574554
171.0,9.0,-245.281732
177.0,9.0,-141.763203
183.0,9.0,52.004187
189.0,9.0,-482.159616
195.0,9.0,-203.578167
2.0,10.0,-13.165047
8.0,10.0,307.47507
14.0,10.0,181.35802
20.0,10.0,-276.68373
26.0,10.0,-406.581773
32.0,10.0,-66.608966
38.0,10.0,-61.734775
44.0,10.0,-144.061522
50.0,10.0,-314.79522
56.0,10.0,-346.482132
62.0,10.0,-367.889711
68.0,10.0,-503.399596
74.0,10.0,177.462126
80.0,10.0,-313.396978
86.0,10.0,84.961263
92.0,10.0,-478.729602
98.0,10.0,-50.800539
104.0,10.0,-433.317528
110.0,10.0,-556.044899
116.0,10.0,-453.400465
122.0,10.0,-407.480862
128.0,10.0,-373.804067
134.0,10.0,-343.547661
140.0,10.0,612.760913
146.0,10.0,-362.350243
152.0,10.0,-32.530788
158.0,10.0,-193.070535
164.0,10.0,-457.280768
170.0,10.0,-279.402668
176.0,10.0,-13.979022
182.0,10.0,213.645849
188.0,10.0,-391.51356
194.0,10.0,-257.190118
1.0,11.0,5.589234
7.0,11.0,279.14392
13.0,11.0,260.539865
19.0,11.0,-244.177463
25.0,11.0,-312.268907
31.0,11.0,-65.885046
37.0,11.0,200.201811
43.0,11.0,-56.858425
49.0,11.0,-124.553233
55.0,11.0,-174.37785
61.0,11.0,-225.881762
67.0,11.0,-319.721656
73.0,11.0,38.167806
79.0,11.0,-312.799501
85.0,11.0,-141.917772
91.0,11.0,-501.097957
97.0,11.0,0.110858
103.0,11.0,-310.821512
109.0,11.0,-613.618847
115.0,11.0,-409.440698
121.0,11.0,-327.337547
127.0,11.0,-532.461337
133.0,11.0,-423.26022
139.0,11.0,634.180206
145.0,11.0,183.805872
151.0,11.0,29.958063
157.0,11.0,-68.698402
163.0,11.0,-453.652963
169.0,11.0,-213.970847
175.0,11.0,266.606031
181.0,11.0,371.19723
187.0,11.0,-336.961303
193.0,11.0,-218.673646
199.0,11.0,-76.617926
0.0,12.0,21.772496
6.0,12.0,246.237634
12.0,12.0,230.129088
18.0,12.0,-25.567658
24.0,12.0,-325.456297
30.0,12.0,-169.284869
36.0,12.0,345.067705
42.0,12.0,80.598744
48.0,12.0,-163.206285
54.0,12.0,-26.467871
60.0,12.0,-45.298145
66.0,12.0,-260.877238
72.0,12.0,167.959399
78.0,12.0,-121.56663
84.0,12.0,-218.623771
90.0,12.0,-394.878688
96.0,12.0,-146.300716
102.0,12.0,-213.607988
108.0,12.0,-776.85928
114.0,12.0,-484.370536
120.0,12.0,-327.398594
126.0,12.0,-480.640257
132.0,12.0,-434.476408
138.0,12.0,230.442635
144.0,12.0,805.036733
150.0,12.0,118.964957
156.0,12.0,32.610099
162.0,12.0,-347.093209
168.0,12.0,-97.080143
174.0,12.0,115.388238
180.0,12.0,460.602057
186.0,12.0,-338.33061
192.0,12.0,-60.689072
198.0,12.0,-66.483818
5.0,13.0,216.510238
11.0,13.0,266.120158
17.0,13.0,186.329038
23.0,13.0,-401.220829
29.0,13.0,-258.992538
35.0,13.0,150.625904
41.0,13.0,29.951646
47.0,13.0,-247.536461
53.0,13.0,68.817085
59.0,13.0,70.561762
65.0,13.0,-180.741777
71.0,13.0,77.180721
77.0,13.0,28.886652
83.0,13.0,-199.544617
89.0,13.0,-131.305157
95.0,13.0,-231.812675
101.0,13.0,-167.251817
107.0,13.0,-778.771369
113.0,13.0,-564.251443
119.0,13.0,-408.049286
125.0,13.0,-385.957372
131.0,13.0,-395.556497
137.0,13.0,-173.983525
143.0,13.0,1000.412371
149.0,13.0,-128.644325
155.0,13.0,213.670026
161.0,13.0,-21.015976
167.0,13.0,-231.792118
173.0,13.0,-131.448594
179.0,13.0,399.421852
185.0,13.0,-353.49497
191.0,13.0,-192.167582
197.0,13.0,-204.213775
4.0,14.0,251.823664
10.0,14.0,133.221358
16.0,14.0,130.95915
22.0,14.0,-403.524
28.0,14.0,-245.071728
34.0,14.0,-58.99555
40.0,14.0,-32.667638
46.0,14.0,-249.034633
52.0,14.0,85.480475
58.0,14.0,-70.873942
64.0,14.0,-117.172073
70.0,14.0,-109.187516
76.0,14.0,194.655188
82.0,14.0,-187.821058
88.0,14.0,273.452706
94.0,14.0,-284.154895
100.0,14.0,-95.05202
106.0,14.0,-733.725519
112.0,14.0,-697.603504
118.0,14.0,-467.512251
124.0,14.0,-239.645889
130.0,14.0,-346.803889
136.0,14.0,-154.090569
142.0,14.0,1191.355097
148.0,14.0,-399.905485
154.0,14.0,245.314339
160.0,14.0,45.62149
166.0,14.0,-325.237272
172.0,14.0,-95.447048
178.0,14.0,127.180657
184.0,14.0,-19.898715
190.0,14.0,-313.621293
196.0,14.0,-13.240823
3.0,15.0,329.016851
9.0,15.0,-14.257122
15.0,15.0,-65.804244
21.0,15.0,-442.73756
27.0,15.0,-237.449642
33.0,15.0,-71.775119
39.0,15.0,-159.797716
45.0,15.0,-366.615907
51.0,15.0,139.82061
57.0,15.0,-234.624518
63.0,15.0,-133.097495
69.0,15.0,-164.939718
75.0,15.0,424.763723
81.0,15.0,-183.110743
87.0,15.0,329.772554
93.0,15.0,-286.040443
99.0,15.0,81.714136
105.0,15.0,-647.266898
111.0,15.0,-712.129319
117.0,15.0,-446.268176
123.0,15.0,-437.120512
129.0,15.0,-233.578651
135.0,15.0,-223.978693
141.0,15.0,1062.948701
147.0,15.0,-253.677784
153.0,15.0,280.221248
159.0,15.0,462.012077
165.0,15.0,-131.060943
171.0,15.0,-265.286898
177.0,15.0,140.205052
183.0,15.0,284.673118
189.0,15.0,-85.697352
195.0,15.0,640.343026
2.0,16.0,310.002934
8.0,16.0,-2.621592
14.0,16.0,-62.821363
20.0,16.0,-495.195966
26.0,16.0,-357.531759
32.0,16.0,-24.507013
38.0,16.0,-326.565664
44.0,16.0,-485.933811
50.0,16.0,-92.687933
56.0,16.0,-157.064434
62.0,16.0,-262.073733
68.0,16.0,-302.193706
74.0,16.0,529.686704
80.0,16.0,-69.379117
86.0,16.0,197.137169
92.0,16.0,-312.670689
98.0,16.0,317.522277
104.0,16.0,-429.410116
110.0,16.0,-748.841466
116.0,16.0,-380.6378
122.0,16.0,-500.580681
128.0,16.0,24.135069
134.0,16.0,-358.2969
140.0,16.0,684.537375
146.0,16.0,192.711505
152.0,16.0,-71.960354
158.0,16.0,618.416238
164.0,16.0,144.530281
170.0,16.0,-261.206458
176.0,16.0,66.314358
182.0,16.0,329.146401
188.0,16.0,6.176874
194.0,16.0,973.580845
1.0,17.0,283.270362
7.0,17.0,-146.866818
13.0,17.0,-91.889537
19.0,17.0,-449.38357
25.0,17.0,-453.678175
31.0,17.0,63.109971
37.0,17.0,-317.178099
43.0,17.0,-477.767068
49.0,17.0,-334.537333
55.0,17.0,-200.484025
61.0,17.0,-342.463105
67.0,17.0,-327.233215
73.0,17.0,396.737905
79.0,17.0,44.849656
85.0,17.0,35.103223
91.0,17.0,-188.548467
97.0,17.0,376.78162
103.0,17.0,-418.622973
109.0,17.0,-737.020382
115.0,17.0,-466.993764
121.0,17.0,-564.757634
127.0,17.0,225.64141
133.0,17.0,-243.852548
139.0,17.0,305.572843
145.0,17.0,551.451471
151.0,17.0,-547.992295
157.0,17.0,619.15592
163.0,17.0,493.548427
169.0,17.0,-95.771786
175.0,17.0,-285.423732
181.0,17.0,281.601362
187.0,17.0,-107.341926
193.0,17.0,1212.618859
199.0,17.0,294.880268
0.0,18.0,198.485958
6.0,18.0,-133.073325
12.0,18.0,-176.659517
18.0,18.0,-487.684804
24.0,18.0,-437.304631
30.0,18.0,-74.801839
36.0,18.0,-199.370087
42.0,18.0,-385.89065
48.0,18.0,-424.702739
54.0,18.0,-277.798044
60.0,18.0,-458.683746
66.0,18.0,-424.344608
72.0,18.0,103.614483
78.0,18.0,-127.999721
84.0,18.0,72.487633
90.0,18.0,-6.081626
96.0,18.0,308.126107
102.0,18.0,-452.787145
108.0,18.0,-570.347906
114.0,18.0,-541.286125
120.0,18.0,-554.91063
126.0,18.0,-294.827303
132.0,18.0,124.298735
138.0,18.0,-115.683921
144.0,18.0,621.700622
150.0,18.0,-671.204306
156.0,18.0,300.570117
162.0,18.0,610.623912
168.0,18.0,322.37079
174.0,18.0,-391.52475
180.0,18.0,-11.745483
186.0,18.0,-88.243953
192.0,18.0,1259.565455
198.0,18.0,532.358155
5.0,19.0,-42.262399
11.0,19.0,-241.989532
17.0,19.0,-394.616157
23.0,19.0,-370.068538
29.0,19.0,-167.037849
35.0,19.0,-135.987446
41.0,19.0,-451.493252
47.0,19.0,-430.314076
53.0,19.0,-244.784903
59.0,19.0,-542.761852
65.0,19.0,-538.367243
71.0,19.0,68.421468
77.0,19.0,-94.268046
83.0,19.0,-107.678803
89.0,19.0,87.441134
95.0,19.0,187.127827
101.0,19.0,-265.663422
107.0,19.0,-306.018505
113.0,19.0,-615.468105
119.0,19.0,-508.506355
125.0,19.0,-743.133884
131.0,19.0,428.026722
137.0,19.0,-63.385735
143.0,19.0,274.375491
149.0,19.0,-488.086266
155.0,19.0,-330.069371
161.0,19.0,461.63326
167.0,19.0,391.613283
173.0,19.0,-323.891417
179.0,19.0,-432.195758
185.0,19.0,-117.880567
191.0,19.0,933.468307
197.0,19.0,669.304862
4.0,20.0,151.233428
10.0,20.0,-194.129925
16.0,20.0,-312.228974
22.0,20.0,-425.222333
28.0,20.0,-338.645549
34.0,20.0,-76.409414
40.0,20.0,-388.434598
46.0,20.0,-371.211248
52.0,20.0,-255.792711
58.0,20.0,-683.204286
64.0,20.0,-586.057237
70.0,20.0,241.608793
76.0,20.0,-21.458986
82.0,20.0,-194.180411
88.0,20.0,-33.735223
94.0,20.0,114.097977
100.0,20.0,-191.056045
106.0,20.0,-155.78286
112.0,20.0,-582.208668
118.0,20.0,-375.718865
124.0,20.0,-758.094359
130.0,20.0,270.483036
136.0,20.0,212.860234
142.0,20.0,39.195049
148.0,20.0,-257.680696
154.0,20.0,-629.770135
160.0,20.0,336.984048
166.0,20.0,180.358044
172.0,20.0,-297.703244
178.0,20.0,-530.687491
184.0,20.0,-127.571805
190.0,20.0,786.490224
196.0,20.0,934.863028
3.0,21.0,12.585749
9.0,21.0,-156.860979
15.0,21.0,-239.407619
21.0,21.0,-456.231596
27.0,21.0,-447.308526
33.0,21.0,-147.955052
39.0,21.0,-288.939539
45.0,21.0,-353.304684
51.0,21.0,-364.556441
57.0,21.0,-726.17825
63.0,21.0,-483.194716
69.0,21.0,100.290889
75.0,21.0,-106.920142
81.0,21.0,-143.537566
87.0,21.0,-36.943372
93.0,21.0,86.561398
99.0,21.0,-53.26916
105.0,21.0,-32.591743
111.0,21.0,-548.878506
117.0,21.0,-293.960189
123.0,21.0,-814.699427
129.0,21.0,-275.383479
135.0,21.0,363.337703
141.0,21.0,-146.045882
147.0,21.0,-208.855722
153.0,21.0,-535.128718
159.0,21.0,370.684052
165.0,21.0,188.049914
171.0,21.0,-276.170464
177.0,21.0,-358.881812
183.0,21.0,-129.782393
189.0,21.0,491.305188
195.0,21.0,1235.872049
2.0,22.0,-171.288132
8.0,22.0,-198.368026
14.0,22.0,-5.962457
20.0,22.0,-257.517032
26.0,22.0,-384.926289
32.0,22.0,-208.208136
38.0,22.0,-177.226406
44.0,22.0,-324.799587
50.0,22.0,-454.965795
56.0,22.0,-510.841628
62.0,22.0,-558.445171
68.0,22.0,-287.002449
74.0,22.0,-107.020871
80.0,22.0,-53.411297
86.0,22.0,-126.96406
92.0,22.0,131.348679
98.0,22.0,-59.312359
104.0,22.0,141.493207
110.0,22.0,-506.267047
116.0,22.0,-149.517565
122.0,22.0,-952.961119
128.0,22.0,-510.320754
134.0,22.0,359.26963
140.0,22.0,-240.087467
146.0,22.0,-227.703077
152.0,22.0,-415.393539
158.0,22.0,13.72172
164.0,22.0,140.251067
170.0,22.0,-110.741259
176.0,22.0,-46.421818
182.0,22.0,-242.10101
188.0,22.0,77.202473
194.0,22.0,1463.026223
1.0,23.0,-162.720194
7.0,23.0,-162.457439
13.0,23.0,-50.02165
19.0,23.0,-131.163315
25.0,23.0,-519.258586
31.0,23.0,-146.370053
37.0,23.0,-103.12224
43.0,23.0,-412.287871
49.0,23.0,-356.27327
55.0,23.0,-363.044874
61.0,23.0,-622.803919
67.0,23.0,-526.852776
73.0,23.0,-18.654912
79.0,23.0,-123.574717
85.0,23.0,-277.23251
91.0,23.0,342.563578
97.0,23.0,-76.869613
103.0,23.0,55.602258
109.0,23.0,-422.358918
115.0,23.0,-221.411534
121.0,23.0,-990.278059
127.0,23.0,-654.645922
133.0,23.0,-12.341728
139.0,23.0,-70.331212
145.0,23.0,-357.803963
151.0,23.0,-332.818612
157.0,23.0,-215.919289
163.0,23.0,329.259005
169.0,23.0,-255.470906
175.0,23.0,-84.88211
181.0,23.0,-150.476901
187.0,23.0,-17.168835
193.0,23.0,1104.977525
199.0,23.0,19.244247
0.0,24.0,-45.332914
6.0,24.0,-243.772439
12.0,24.0,-162.663153
18.0,24.0,1.335205
24.0,24.0,-580.906993
30.0,24.0,-37.178263
36.0,24.0,-241.941625
42.0,24.0,-409.707544
48.0,24.0,-209.105981
54.0,24.0,-261.169676
60.0,24.0,-618.346415
66.0,24.0,-639.737027
72.0,24.0,6.449456
78.0,24.0,-230.706382
84.0,24.0,-311.601691
90.0,24.0,350.031327
96.0,24.0,-125.870372
102.0,24.0,-71.323438
108.0,24.0,-206.539296
114.0,24.0,-290.725367
120.0,24.0,-950.939812
126.0,24.0,-683.622139
132.0,24.0,-261.592948
138.0,24.0,406.094361
144.0,24.0,-490.005829
150.0,24.0,-456.346978
156.0,24.0,-416.154755
162.0,24.0,400.165733
168.0,24.0,-202.860804
174.0,24.0,-65.676764
180.0,24.0,-33.678497
186.0,24.0,-63.677052
192.0,24.0,626.784468
198.0,24.0,288.735913
5.0,25.0,-239.82051
11.0,25.0,-76.832725
17.0,25.0,72.434031
23.0,25.0,-477.075569
29.0,25.0,-25.358981
35.0,25.0,-328.182416
41.0,25.0,-349.781507
47.0,25.0,-133.036066
53.0,25.0,-168.318165
59.0,25.0,-650.733743
65.0,25.0,-582.013876
71.0,25.0,-150.466189
77.0,25.0,-287.225873
83.0,25.0,-378.584769
89.0,25.0,229.408205
95.0,25.0,-179.204488
101.0,25.0,-194.636819
107.0,25.0,-66.167331
113.0,25.0,-325.695607
119.0,25.0,-754.847915
125.0,25.0,-566.012765
131.0,25.0,-314.828407
137.0,25.0,524.398548
143.0,25.0,-267.173672
149.0,25.0,-744.81772
155.0,25.0,-246.635095
161.0,25.0,230.09698
167.0,25.0,460.349489
173.0,25.0,151.593098
179.0,25.0,-177.241247
185.0,25.0,-376.087615
191.0,25.0,204.250803
197.0,25.0,422.635919
4.0,26.0,-373.537063
10.0,26.0,-72.498732
16.0,26.0,133.834797
22.0,26.0,-343.832834
28.0,26.0,-174.427611
34.0,26.0,-414.159746
40.0,26.0,-259.187131
46.0,26.0,-213.47975
52.0,26.0,-155.337884
58.0,26.0,-743.607536
64.0,26.0,-479.611084
70.0,26.0,-377.298477
76.0,26.0,-307.547403
82.0,26.0,-427.265625
88.0,26.0,194.50049
94.0,26.0,-205.022598
100.0,26.0,-105.148108
106.0,26.0,-19.622176
112.0,26.0,-479.225128
118.0,26.0,-479.46352
124.0,26.0,-517.194822
130.0,26.0,-341.880347
136.0,26.0,117.482617
142.0,26.0,77.59303
148.0,26.0,-820.112035
154.0,26.0,-364.77283
160.0,26.0,52.591428
166.0,26.0,905.939149
172.0,26.0,195.838983
178.0,26.0,-212.342187
184.0,26.0,-393.369794
190.0,26.0,-106.685388
196.0,26.0,436.235227
3.0,27.0,-429.58776
9.0,27.0,-350.167985
15.0,27.0,186.721882
21.0,27.0,-260.585709
27.0,27.0,-337.238024
33.0,27.0,-542.031159
39.0,27.0,-226.743991
45.0,27.0,-232.93662
51.0,27.0,-298.391332
57.0,27.0,-665.659874
63.0,27.0,-408.097305
69.0,27.0,-466.521131
75.0,27.0,-346.565248
81.0,27.0,-468.414485
87.0,27.0,-106.796393
93.0,27.0,13.779019
99.0,27.0,-90.130435
105.0,27.0,117.287824
111.0,27.0,-510.602743
117.0,27.0,-362.211376
123.0,27.0,-517.65069
129.0,27.0,-369.257
135.0,27.0,-153.481863
141.0,27.0,476.565281
147.0,27.0,-539.528777
153.0,27.0,-457.57561
159.0,27.0,-122.484494
165.0,27.0,871.917634
171.0,27.0,696.51817
177.0,27.0,-117.9248
183.0,27.0,-285.080469
189.0,27.0,-125.747662
195.0,27.0,522.210871
2.0,28.0,-357.355453
8.0,28.0,-456.665856
14.0,28.0,152.080919
20.0,28.0,-255.001717
26.0,28.0,-539.635839
32.0,28.0,-616.112077
38.0,28.0,-336.778049
44.0,28.0,-234.535526
50.0,28.0,-496.707996
56.0,28.0,-416.322832
62.0,28.0,-289.838261
68.0,28.0,-426.439242
74.0,28.0,-443.489264
80.0,28.0,-259.560976
86.0,28.0,-456.025535
92.0,28.0,270.343507
98.0,28.0,-216.44948
104.0,28.0,285.546438
110.0,28.0,-463.983898
116.0,28.0,-409.95332
122.0,28.0,-543.514845
128.0,28.0,-243.029195
134.0,28.0,-271.466972
140.0,28.0,430.52681
146.0,28.0,-307.154854
152.0,28.0,-441.487354
158.0,28.0,-387.570811
164.0,28.0,737.439177
170.0,28.0,1196.91993
176.0,28.0,208.111794
182.0,28.0,18.33633
188.0,28.0,-228.000316
194.0,28.0,502.00515
1.0,29.0,-358.582307
7.0,29.0,-459.049162
13.0,29.0,5.931995
19.0,29.0,-111.101095
25.0,29.0,-579.394237
31.0,29.0,-612.649401
37.0,29.0,-426.800311
43.0,29.0,-283.553981
49.0,29.0,-584.865085
55.0,29.0,-194.733667
61.0,29.0,-285.877564
67.0,29.0,-430.5804
73.0,29.0,-515.941006
79.0,29.0,-161.160383
85.0,29.0,-585.348053
91.0,29.0,374.473564
97.0,29.0,-189.802376
103.0,29.0,410.506155
109.0,29.0,-489.972109
115.0,29.0,-480.542882
121.0,29.0,-575.308437
127.0,29.0,-329.610403
133.0,29.0,-219.131889
139.0,29.0,-96.341187
145.0,29.0,31.915684
151.0,29.0,-262.118304
157.0,29.0,-421.632962
163.0,29.0,327.993982
169.0,29.0,807.21851
175.0,29.0,529.27462
181.0,29.0,1.862553
187.0,29.0,-395.746352
193.0,29.0,58.916232
199.0,29.0,-241.046478
0.0,30.0,-422.404952
6.0,30.0,-411.261338
12.0,30.0,-117.156184
18.0,30.0,185.82603
24.0,30.0,-489.344732
30.0,30.0,-423.623501
36.0,30.0,-512.701498
42.0,30.0,-323.229335
48.0,30.0,-603.552665
54.0,30.0,-206.048109
60.0,30.0,-108.346004
66.0,30.0,-450.097283
72.0,30.0,-556.845039
78.0,30.0,-232.127087
84.0,30.0,-592.771736
90.0,30.0,581.501785
96.0,30.0,-208.526312
102.0,30.0,284.447179
108.0,30.0,-522.486555
114.0,30.0,-544.436339
120.0,30.0,-392.652351
126.0,30.0,-397.709377
132.0,30.0,-85.738728
138.0,30.0,-445.351261
144.0,30.0,334.109299
150.0,30.0,-281.743282
156.0,30.0,-181.924473
162.0,30.0,-16.82969
168.0,30.0,302.636193
174.0,30.0,733.465461
180.0,30.0,-90.278971
186.0,30.0,-405.271496
192.0,30.0,-334.496938
198.0,30.0,-245.80797
5.0,31.0,-440.661083
11.0,31.0,-234.031051
17.0,31.0,284.20484
23.0,31.0,-346.989902
29.0,31.0,-402.731512
35.0,31.0,-489.674256
41.0,31.0,-361.304877
47.0,31.0,-585.582043
53.0,31.0,-265.731753
59.0,31.0,51.980579
65.0,31.0,-431.297552
71.0,31.0,-676.340752
77.0,31.0,-380.406202
83.0,31.0,-515.516777
89.0,31.0,775.228127
95.0,31.0,-202.773244
101.0,31.0,75.653752
107.0,31.0,-518.406976
113.0,31.0,-636.280712
119.0,31.0,-118.629473
125.0,31.0,-313.106685
131.0,31.0,163.320697
137.0,31.0,-213.335339
143.0,31.0,237.037282
149.0,31.0,-425.363403
155.0,31.0,72.353156
161.0,31.0,-209.50633
167.0,31.0,122.917506
173.0,31.0,538.819358
179.0,31.0,-101.145117
185.0,31.0,-231.56954
191.0,31.0,-417.897196
197.0,31.0,-302.128836
4.0,32.0,-550.483778
10.0,32.0,-323.627403
16.0,32.0,269.983508
22.0,32.0,-247.283478
28.0,32.0,-650.552379
34.0,32.0,-366.430894
40.0,32.0,-295.742309
46.0,32.0,-569.830114
52.0,32.0,-335.66973
58.0,32.0,15.59745
64.0,32.0,-376.807708
70.0,32.0,-788.760309
76.0,32.0,-462.459819
82.0,32.0,-510.683855
88.0,32.0,760.641459
94.0,32.0,-305.342182
100.0,32.0,-31.59234
106.0,32.0,-357.499059
112.0,32.0,-656.443505
118.0,32.0,150.390885
124.0,32.0,-254.164333
130.0,32.0,188.264087
136.0,32.0,-70.809208
142.0,32.0,-12.093309
148.0,32.0,-119.058951
154.0,32.0,142.221146
160.0,32.0,19.477016
166.0,32.0,118.711872
172.0,32.0,322.196347
178.0,32.0,-324.885653
184.0,32.0,-72.855534
190.0,32.0,-502.783364
196.0,32.0,-280.159372
3.0,33.0,-561.503917
9.0,33.0,-376.322771
15.0,33.0,293.923152
21.0,33.0,-76.188874
27.0,33.0,-733.076771
33.0,33.0,-308.006323
39.0,33.0,-190.684296
45.0,33.0,-503.916412
51.0,33.0,-420.82311
57.0,33.0,37.933101
63.0,33.0,-235.673731
69.0,33.0,-735.975231
75.0,33.0,-558.27766
81.0,33.0,-511.475605
87.0,33.0,564.492056
93.0,33.0,-152.627207
99.0,33.0,44.682694
105.0,33.0,-130.31527
111.0,33.0,-705.210228
117.0,33.0,134.971409
123.0,33.0,-116.826297
129.0,33.0,-48.302352
135.0,33.0,128.167526
141.0,33.0,-287.153781
147.0,33.0,-213.834701
153.0,33.0,201.231247
159.0,33.0,250.404484
165.0,33.0,187.562326
171.0,33.0,106.04325
177.0,33.0,-403.148485
183.0,33.0,-120.314542
189.0,33.0,-467.436958
195.0,33.0,-315.955037
2.0,34.0,-632.221237
8.0,34.0,-523.401934
14.0,34.0,353.171007
20.0,34.0,43.00893
26.0,34.0,-645.339269
32.0,34.0,-345.671063
38.0,34.0,-312.905135
44.0,34.0,-332.880295
50.0,34.0,-526.271202
56.0,34.0,-97.515406
62.0,34.0,-129.698228
68.0,34.0,-602.794123
74.0,34.0,-762.151139
80.0,34.0,-537.197443
86.0,34.0,415.458045
92.0,34.0,136.862453
98.0,34.0,198.410264
104.0,34.0,-14.949019
110.0,34.0,-604.883488
116.0,34.0,66.052231
122.0,34.0,-190.48326
128.0,34.0,-238.421794
134.0,34.0,108.857798
140.0,34.0,-346.61282
146.0,34.0,-356.602261
152.0,34.0,306.109456
158.0,34.0,249.011473
164.0,34.0,520.814893
170.0,34.0,-111.977593
176.0,34.0,-487.937422
182.0,34.0,-199.089849
188.0,34.0,-367.753584
194.0,34.0,-391.298806
1.0,35.0,-695.269003
7.0,35.0,-616.725995
13.0,35.0,272.429434
19.0,35.0,103.226072
25.0,35.0,-550.574174
31.0,35.0,-344.977081
37.0,35.0,-341.638516
43.0,35.0,-91.813495
49.0,35.0,-541.065089
55.0,35.0,-218.762929
61.0,35.0,64.217531
67.0,35.0,-556.317391
73.0,35.0,-674.585619
79.0,35.0,-498.925756
85.0,35.0,277.612316
91.0,35.0,347.816075
97.0,35.0,113.962898
103.0,35.0,-48.220841
109.0,35.0,-530.716614
115.0,35.0,72.908361
121.0,35.0,-407.327937
127.0,35.0,-238.678516
133.0,35.0,-319.557335
139.0,35.0,-398.80909
145.0,35.0,-380.391994
151.0,35.0,263.731994
157.0,35.0,272.841764
163.0,35.0,994.106353
169.0,35.0,204.11796
175.0,35.0,-481.602087
181.0,35.0,-405.170193
187.0,35.0,-413.12819
193.0,35.0,-351.680055
199.0,35.0,-23.254661
0.0,36.0,-536.624651
6.0,36.0,-641.00003
12.0,36.0,206.270598
18.0,36.0,200.011605
24.0,36.0,-466.926097
30.0,36.0,-326.005305
36.0,36.0,-437.964499
42.0,36.0,-13.083083
48.0,36.0,-485.093592
54.0,36.0,-253.799936
60.0,36.0,148.565363
66.0,36.0,-388.375428
72.0,36.0,-530.107349
78.0,36.0,-356.700166
84.0,36.0,3.585826
90.0,36.0,436.520879
96.0,36.0,-84.4204
102.0,36.0,-14.292159
108.0,36.0,-542.72636
114.0,36.0,-183.034702
120.0,36.0,-538.513736
126.0,36.0,-63.594838
132.0,36.0,-416.006337
138.0,36.0,-321.185377
144.0,36.0,-470.427199
150.0,36.0,131.724345
156.0,36.0,258.497636
162.0,36.0,1129.355417
168.0,36.0,611.932223
174.0,36.0,-389.040968
180.0,36.0,-478.55348
186.0,36.0,-424.49747
192.0,36.0,-333.619033
198.0,36.0,464.361618
5.0,37.0,-784.475708
11.0,37.0,4.047727
17.0,37.0,374.001512
23.0,37.0,-382.757425
29.0,37.0,-427.225208
35.0,37.0,-407.446934
41.0,37.0,54.424698
47.0,37.0,-373.887661
53.0,37.0,-228.297397
59.0,37.0,211.018873
65.0,37.0,-148.216653
71.0,37.0,-427.142278
77.0,37.0,-377.871783
83.0,37.0,-98.976752
89.0,37.0,698.507264
95.0,37.0,-272.542204
101.0,37.0,31.197706
107.0,37.0,-460.286773
113.0,37.0,-288.384
119.0,37.0,-304.517491
125.0,37.0,95.865639
131.0,37.0,-377.572685
137.0,37.0,-327.817454
143.0,37.0,-367.385306
149.0,37.0,44.250992
155.0,37.0,317.057113
161.0,37.0,856.959076
167.0,37.0,1024.967199
173.0,37.0,-101.799896
179.0,37.0,-418.626019
185.0,37.0,-329.545568
191.0,37.0,-166.050596
197.0,37.0,510.040767
4.0,38.0,-758.924903
10.0,38.0,-301.722892
16.0,38.0,438.764352
22.0,38.0,-180.980207
28.0,38.0,-452.174135
34.0,38.0,-344.649181
40.0,38.0,-7.68696
46.0,38.0,-232.765981
52.0,38.0,-117.785405
58.0,38.0,111.99127
64.0,38.0,80.802984
70.0,38.0,-421.000978
76.0,38.0,-441.318661
82.0,38.0,-277.022313
88.0,38.0,874.280725
94.0,38.0,-299.188174
100.0,38.0,143.066279
106.0,38.0,-317.0875
112.0,38.0,-380.40526
118.0,38.0,78.946262
124.0,38.0,101.065672
130.0,38.0,-316.451248
136.0,38.0,-633.166287
142.0,38.0,-382.607761
148.0,38.0,-216.338852
154.0,38.0,192.62295
160.0,38.0,687.671804
166.0,38.0,1685.667824
172.0,38.0,430.115599
178.0,38.0,-83.229452
184.0,38.0,-207.302186
190.0,38.0,115.848864
196.0,38.0,647.584312
3.0,39.0,-666.181502
9.0,39.0,-533.523441
15.0,39.0,418.710575
21.0,39.0,-182.391574
27.0,39.0,-330.46269
33.0,39.0,-155.638654
39.0,39.0,-8.306359
45.0,39.0,112.110772
51.0,39.0,-136.081532
57.0,39.0,-90.90407
63.0,39.0,86.118926
69.0,39.0,-314.73466
75.0,39.0,-537.534641
81.0,39.0,-340.396524
87.0,39.0,860.667622
93.0,39.0,-216.824286
99.0,39.0,257.673133
105.0,39.0,-274.336347
111.0,39.0,-518.863794
117.0,39.0,373.189577
123.0,39.0,232.141398
129.0,39.0,-120.553274
135.0,39.0,-713.228253
141.0,39.0,-381.433572
147.0,39.0,-358.299442
153.0,39.0,-121.428521
159.0,39.0,267.965804
165.0,39.0,1365.053674
171.0,39.0,902.908977
177.0,39.0,138.395854
183.0,39.0,66.943832
189.0,39.0,132.067428
195.0,39.0,722.574036
2.0,40.0,-547.991613
8.0,40.0,-529.798624
14.0,40.0,364.866597
20.0,40.0,-202.125448
26.0,40.0,-247.513187
32.0,40.0,-106.93191
38.0,40.0,59.185632
44.0,40.0,359.000621
50.0,40.0,-48.468618
56.0,40.0,-253.741038
62.0,40.0,-83.983845
68.0,40.0,-229.894259
74.0,40.0,-517.908458
80.0,40.0,-442.332976
86.0,40.0,907.946966
92.0,40.0,-116.486773
98.0,40.0,443.094299
104.0,40.0,-311.867361
110.0,40.0,-485.182509
116.0,40.0,407.647908
122.0,40.0,112.942057
128.0,40.0,123.244613
134.0,40.0,-733.049574
140.0,40.0,-544.2006
146.0,40.0,-264.959692
152.0,40.0,-215.80671
158.0,40.0,-11.207257
164.0,40.0,996.984621
170.0,40.0,945.920165
176.0,40.0,296.567931
182.0,40.0,406.683122
188.0,40.0,301.017617
194.0,40.0,778.926299
1.0,41.0,-394.066536
7.0,41.0,-363.24868
13.0,41.0,212.740299
19.0,41.0,80.24066
25.0,41.0,-279.741442
31.0,41.0,-134.71087
37.0,41.0,43.169476
43.0,41.0,368.894488
49.0,41.0,237.864809
55.0,41.0,-340.071178
61.0,41.0,-237.081866
67.0,41.0,-316.003772
73.0,41.0,-520.810635
79.0,41.0,-531.807038
85.0,41.0,1025.452912
91.0,41.0,-190.416693
97.0,41.0,557.441541
103.0,41.0,-282.734842
109.0,41.0,-466.365474
115.0,41.0,269.401767
121.0,41.0,-70.476788
127.0,41.0,-164.314796
133.0,41.0,-543.443779
139.0,41.0,-729.352589
145.0,41.0,-384.767895
151.0,41.0,-127.490091
157.0,41.0,24.110104
163.0,41.0,402.685219
169.0,41.0,1125.901194
175.0,41.0,433.740313
181.0,41.0,412.666366
187.0,41.0,568.777686
193.0,41.0,880.099779
199.0,41.0,137.306186
0.0,42.0,-193.810046
6.0,42.0,-153.598323
12.0,42.0,101.817388
18.0,42.0,96.196483
24.0,42.0,-407.136307
30.0,42.0,-229.743822
36.0,42.0,144.488887
42.0,42.0,372.990769
48.0,42.0,415.745685
54.0,42.0,-328.320538
60.0,42.0,-344.762432
66.0,42.0,-411.069148
72.0,42.0,-396.879095
78.0,42.0,-592.177737
84.0,42.0,869.863445
90.0,42.0,-239.457338
96.0,42.0,471.741729
102.0,42.0,-399.017798
108.0,42.0,-404.427589
114.0,42.0,241.092724
120.0,42.0,-95.580468
126.0,42.0,-172.917852
132.0,42.0,-325.224516
138.0,42.0,-573.413528
144.0,42.0,-572.334549
150.0,42.0,-122.24809
156.0,42.0,-145.300861
162.0,42.0,-236.900741
168.0,42.0,1107.42091
174.0,42.0,509.71599
180.0,42.0,752.714501
186.0,42.0,637.036175
192.0,42.0,995.933656
198.0,42.0,185.064822
5.0,43.0,-28.582233
11.0,43.0,22.906697
17.0,43.0,-0.556205
23.0,43.0,-517.350869
29.0,43.0,-423.568834
35.0,43.0,-5.565828
41.0,43.0,331.857173
47.0,43.0,471.185303
53.0,43.0,-135.484693
59.0,43.0,-362.454328
65.0,43.0,-228.79253
71.0,43.0,-282.882733
77.0,43.0,-411.049728
83.0,43.0,558.517594
89.0,43.0,-198.824713
95.0,43.0,111.468637
101.0,43.0,-333.129818
107.0,43.0,-437.439527
113.0,43.0,210.726602
119.0,43.0,-110.186522
125.0,43.0,191.172886
131.0,43.0,99.748794
137.0,43.0,-454.86646
143.0,43.0,-555.884309
149.0,43.0,-319.104104
155.0,43.0,-257.238366
161.0,43.0,-482.44245
167.0,43.0,739.848843
173.0,43.0,446.256027
179.0,43.0,880.578595
185.0,43.0,617.021619
191.0,43.0,761.548341
197.0,43.0,344.852493
4.0,44.0,175.361555
10.0,44.0,-102.966738
16.0,44.0,90.104124
22.0,44.0,-428.228076
28.0,44.0,-602.356191
34.0,44.0,-251.480367
40.0,44.0,209.897782
46.0,44.0,379.079462
52.0,44.0,5.273075
58.0,44.0,-330.918853
64.0,44.0,-55.963138
70.0,44.0,-270.331092
76.0,44.0,-259.565474
82.0,44.0,341.730095
88.0,44.0,-120.37166
94.0,44.0,-175.04436
100.0,44.0,27.225051
106.0,44.0,-506.915207
112.0,44.0,-108.983232
118.0,44.0,-66.180655
124.0,44.0,173.77059
130.0,44.0,338.889608
136.0,44.0,-319.45184
142.0,44.0,-500.174454
148.0,44.0,-535.660592
154.0,44.0,42.640637
160.0,44.0,-464.575933
166.0,44.0,219.354638
172.0,44.0,612.62156
178.0,44.0,728.618446
184.0,44.0,801.79388
190.0,44.0,519.896352
196.0,44.0,309.721608
3.0,45.0,236.396677
9.0,45.0,-32.42412
15.0,45.0,130.442974
21.0,45.0,-253.689561
27.0,45.0,-553.979815
33.0,45.0,-425.834194
39.0,45.0,124.355219
45.0,45.0,227.5716
51.0,45.0,-13.864125
57.0,45.0,-499.116038
63.0,45.0,-222.377774
69.0,45.0,-275.330935
75.0,45.0,-9.300563
81.0,45.0,155.903244
87.0,45.0,68.882889
93.0,45.0,-122.722765
99.0,45.0,398.705811
105.0,45.0,-417.666589
111.0,45.0,-479.868337
117.0,45.0,79.874094
123.0,45.0,11.306019
129.0,45.0,163.412684
135.0,45.0,-170.063469
141.0,45.0,-542.580521
147.0,45.0,-533.373294
153.0,45.0,58.746347
159.0,45.0,-226.456206
165.0,45.0,-367.190451
171.0,45.0,683.379804
177.0,45.0,621.767918
183.0,45.0,633.028646
189.0,45.0,256.10384
195.0,45.0,87.998501
2.0,46.0,290.576616
8.0,46.0,140.103685
14.0,46.0,104.889561
20.0,46.0,-139.898601
26.0,46.0,-428.32879
32.0,46.0,-495.905026
38.0,46.0,26.291162
44.0,46.0,-53.714948
50.0,46.0,-243.811982
56.0,46.0,-652.105982
62.0,46.0,-341.779573
68.0,46.0,-168.084385
74.0,46.0,322.488424
80.0,46.0,-44.143589
86.0,46.0,340.845253
92.0,46.0,-80.770263
98.0,46.0,426.117305
104.0,46.0,-495.107628
110.0,46.0,-544.699357
116.0,46.0,119.361078
122.0,46.0,5.075902
128.0,46.0,-81.77741
134.0,46.0,67.269776
140.0,46.0,-728.353619
146.0,46.0,-397.924216
152.0,46.0,-258.130452
158.0,46.0,38.09872
164.0,46.0,-494.919734
170.0,46.0,289.051328
176.0,46.0,472.568657
182.0,46.0,420.534918
188.0,46.0,291.636336
194.0,46.0,-135.703412
1.0,47.0,402.263727
7.0,47.0,229.398315
13.0,47.0,180.495706
19.0,47.0,-153.211178
25.0,47.0,-399.543791
31.0,47.0,-508.362026
37.0,47.0,-64.135718
43.0,47.0,-97.334154
49.0,47.0,-357.574955
55.0,47.0,-611.156633
61.0,47.0,-399.444909
67.0,47.0,-92.409636
73.0,47.0,493.358548
79.0,47.0,-26.828611
85.0,47.0,593.573665
91.0,47.0,-91.991257
97.0,47.0,437.349426
103.0,47.0,-487.592831
109.0,47.0,-477.17432
115.0,47.0,182.558478
121.0,47.0,68.596133
127.0,47.0,-419.609309
133.0,47.0,515.007199
139.0,47.0,-737.927497
145.0,47.0,-330.92556
151.0,47.0,-647.653019
157.0,47.0,59.094369
163.0,47.0,-368.06331
169.0,47.0,-36.195062
175.0,47.0,247.133571
181.0,47.0,366.690849
187.0,47.0,256.426788
193.0,47.0,-135.705455
199.0,47.0,212.265097
0.0,48.0,464.415032
6.0,48.0,516.249431
12.0,48.0,246.709181
18.0,48.0,-224.796166
24.0,48.0,-444.691815
30.0,48.0,-435.645545
36.0,48.0,-146.346743
42.0,48.0,-87.088982
48.0,48.0,-343.256931
54.0,48.0,-537.64804
60.0,48.0,-450.485172
66.0,48.0,-94.453448
72.0,48.0,386.85877
78.0,48.0,-8.240721
84.0,48.0,579.837364
90.0,48.0,-116.193029
96.0,48.0,377.179722
102.0,48.0,-357.888486
108.0,48.0,-442.574048
114.0,48.0,207.069113
120.0,48.0,-71.168987
126.0,48.0,-593.537136
132.0,48.0,713.355803
138.0,48.0,-247.15571
144.0,48.0,-213.19792
150.0,48.0,-571.564719
156.0,48.0,108.647152
162.0,48.0,-263.538865
168.0,48.0,-54.368912
174.0,48.0,-22.732567
180.0,48.0,17.846489
186.0,48.0,215.762044
192.0,48.0,0.768177
198.0,48.0,153.257717
5.0,49.0,659.296976
11.0,49.0,162.548774
17.0,49.0,-318.22554
23.0,49.0,-448.46085
29.0,49.0,-431.567986
35.0,49.0,-202.175263
41.0,49.0,-98.339747
47.0,49.0,-508.590155
53.0,49.0,-562.388887
59.0,49.0,-477.737957
65.0,49.0,-167.300119
71.0,49.0,86.808738
77.0,49.0,141.558924
83.0,49.0,406.479964
89.0,49.0,-16.089428
95.0,49.0,60.23371
101.0,49.0,-210.791958
107.0,49.0,-370.906589
113.0,49.0,-7.174777
119.0,49.0,-344.498598
125.0,49.0,-564.376596
131.0,49.0,67.635811
137.0,49.0,219.137825
143.0,49.0,-151.75652
149.0,49.0,-442.127907
155.0,49.0,-335.689805
161.0,49.0,-288.453211
167.0,49.0,77.38673
173.0,49.0,-131.284013
179.0,49.0,-302.773351
185.0,49.0,77.415936
191.0,49.0,-20.843439
197.0,49.0,50.293906
