x,y,val,clust
0.0,0.0,474.224075,0.0
3.0,0.0,588.766255,0.0
6.0,0.0,749.593665,0.0
9.0,0.0,518.739508,0.0
12.0,0.0,-36.874397,0.0
15.0,0.0,-311.554084,0.0
18.0,0.0,-255.970953,0.0
21.0,0.0,-185.735964,0.0
24.0,0.0,-512.422377,0.0
27.0,0.0,-480.447325,0.0
30.0,0.0,-353.156803,0.0
33.0,0.0,-287.457845,0.0
36.0,0.0,-269.85286,0.0
39.0,0.0,-391.837131,0.0
42.0,0.0,-372.586972,0.0
45.0,0.0,-564.117043,0.0
48.0,0.0,-834.016074,0.0
51.0,0.0,-829.348029,0.0
54.0,0.0,-776.971686,0.0
57.0,0.0,-704.048944,0.0
60.0,0.0,-570.530454,0.0
63.0,0.0,-505.000776,0.0
66.0,0.0,-183.533745,0.0
69.0,0.0,-21.948741,0.0
72.0,0.0,410.148254,3.0
75.0,0.0,1066.688919,3.0
78.0,0.0,306.953297,3.0
81.0,0.0,109.294536,3.0
84.0,0.0,8.115114,3.0
87.0,0.0,-286.848206,3.0
90.0,0.0,-405.137127,3.0
93.0,0.0,-494.789116,3.0
96.0,0.0,-258.137721,3.0
99.0,0.0,-132.891229,3.0
102.0,0.0,-403.129118,3.0
105.0,0.0,-347.578393,3.0
108.0,0.0,-509.47614,3.0
111.0,0.0,-310.012904,3.0
114.0,0.0,-60.119306,3.0
117.0,0.0,-200.624713,3.0
120.0,0.0,-40.037057,3.0
123.0,0.0,-447.058435,3.0
126.0,0.0,-532.989036,3.0
129.0,0.0,-449.608206,3.0
132.0,0.0,-100.3713,1.0
135.0,0.0,239.329613,1.0
138.0,0.0,44.65782,1.0
141.0,0.0,-230.830118,1.0
144.0,0.0,54.862272,1.0
147.0,0.0,-63.347761,1.0
150.0,0.0,-257.659604,1.0
153.0,0.0,-289.888395,1.0
156.0,0.0,-425.328445,1.0
159.0,0.0,-571.281828,1.0
162.0,0.0,-385.36112,1.0
165.0,0.0,-443.576378,1.0
168.0,0.0,-78.945016,1.0
171.0,0.0,-27.968253,2.0
174.0,0.0,-418.979534,2.0
177.0,0.0,-528.596499,2.0
180.0,0.0,-762.878067,2.0
183.0,0.0,-521.581574,2.0
186.0,0.0,-386.242755,2.0
189.0,0.0,-483.01363,2.0
192.0,0.0,-159.284279,2.0
195.0,0.0,-377.182928,2.0
198.0,0.0,-39.921405,2.0
2.0,1.0,616.439835,0.0
5.0,1.0,695.238031,0.0
8.0,1.0,601.773429,0.0
11.0,1.0,93.67507,0.0
14.0,1.0,-358.176839,0.0
17.0,1.0,-280.582936,0.0
20.0,1.0,-263.708799,0.0
23.0,1.0,-368.544611,0.0
26.0,1.0,-476.323923,0.0
29.0,1.0,-422.596946,0.0
32.0,1.0,-414.341304,0.0
35.0,1.0,-157.078666,0.0
38.0,1.0,-448.693434,0.0
41.0,1.0,-405.154015,0.0
44.0,1.0,-545.623301,0.0
47.0,1.0,-902.332336,0.0
50.0,1.0,-903.467955,0.0
53.0,1.0,-769.317355,0.0
56.0,1.0,-811.693758,0.0
59.0,1.0,-677.388051,0.0
62.0,1.0,-489.5415,0.0
65.0,1.0,-268.60293,0.0
68.0,1.0,-133.806573,0.0
71.0,1.0,201.262991,3.0
74.0,1.0,1002.274023,3.0
77.0,1.0,494.925935,3.0
80.0,1.0,119.928659,3.0
83.0,1.0,-141.565533,3.0
86.0,1.0,-329.440706,3.0
89.0,1.0,-481.856197,3.0
92.0,1.0,-415.123796,3.0
95.0,1.0,-428.033593,3.0
98.0,1.0,-247.634597,3.0
101.0,1.0,-415.118207,3.0
104.0,1.0,-418.64398,3.0
107.0,1.0,-511.931728,3.0
110.0,1.0,-545.566446,3.0
113.0,1.0,-116.69627,3.0
116.0,1.0,-247.029607,3.0
119.0,1.0,-207.56239,3.0
122.0,1.0,-261.169585,3.0
125.0,1.0,-322.327174,3.0
128.0,1.0,-337.647999,3.0
131.0,1.0,-276.961617,3.0
134.0,1.0,19.078856,1.0
137.0,1.0,142.002532,1.0
140.0,1.0,-135.94005,1.0
143.0,1.0,-24.745336,1.0
146.0,1.0,-9.118723,1.0
149.0,1.0,-132.394629,1.0
152.0,1.0,-242.703643,1.0
155.0,1.0,-491.2417,1.0
158.0,1.0,-620.789165,1.0
161.0,1.0,-552.482426,1.0
164.0,1.0,-528.141459,1.0
167.0,1.0,-389.302605,1.0
170.0,1.0,-242.224208,2.0
173.0,1.0,-182.470585,2.0
176.0,1.0,-648.953455,2.0
179.0,1.0,-741.947155,2.0
182.0,1.0,-684.302069,2.0
185.0,1.0,-413.107599,2.0
188.0,1.0,-550.451155,2.0
191.0,1.0,-393.093982,2.0
194.0,1.0,-403.40669,2.0
197.0,1.0,-217.627958,2.0
1.0,2.0,622.603719,0.0
4.0,2.0,546.320071,0.0
7.0,2.0,584.759165,0.0
10.0,2.0,304.749845,0.0
13.0,2.0,-334.095118,0.0
16.0,2.0,-328.573169,0.0
19.0,2.0,-241.809786,0.0
22.0,2.0,-308.543502,0.0
25.0,2.0,-416.187109,0.0
28.0,2.0,-524.460075,0.0
31.0,2.0,-487.927842,0.0
34.0,2.0,-222.66779,0.0
37.0,2.0,-292.821697,0.0
40.0,2.0,-493.536874,0.0
43.0,2.0,-564.907274,0.0
46.0,2.0,-866.284542,0.0
49.0,2.0,-783.191598,0.0
52.0,2.0,-741.551645,0.0
55.0,2.0,-749.451485,0.0
58.0,2.0,-758.138494,0.0
61.0,2.0,-484.248394,0.0
64.0,2.0,-349.714978,0.0
67.0,2.0,-91.863412,0.0
70.0,2.0,109.882826,3.0
73.0,2.0,767.203611,3.0
76.0,2.0,653.766291,3.0
79.0,2.0,182.223763,3.0
82.0,2.0,-110.070171,3.0
85.0,2.0,-415.951843,3.0
88.0,2.0,-475.325693,3.0
91.0,2.0,-290.24719,3.0
94.0,2.0,-465.607626,3.0
97.0,2.0,-325.725601,3.0
100.0,2.0,-321.034092,3.0
103.0,2.0,-426.718591,3.0
106.0,2.0,-398.174171,3.0
109.0,2.0,-613.055043,3.0
112.0,2.0,-368.941656,3.0
115.0,2.0,-429.124938,3.0
118.0,2.0,-326.686436,3.0
121.0,2.0,-39.483392,3.0
124.0,2.0,-215.529366,3.0
127.0,2.0,-194.710403,3.0
130.0,2.0,-106.959931,3.0
133.0,2.0,-159.003001,1.0
136.0,2.0,81.757014,1.0
139.0,2.0,-189.582659,1.0
142.0,2.0,-222.124311,1.0
145.0,2.0,-193.376825,1.0
148.0,2.0,76.915798,1.0
151.0,2.0,-120.316064,1.0
154.0,2.0,-497.932693,1.0
157.0,2.0,-734.759475,1.0
160.0,2.0,-623.052727,1.0
163.0,2.0,-592.164843,1.0
166.0,2.0,-450.623618,1.0
169.0,2.0,-347.405227,1.0
172.0,2.0,-284.73481,2.0
175.0,2.0,-563.381903,2.0
178.0,2.0,-644.477731,2.0
181.0,2.0,-715.40429,2.0
184.0,2.0,-451.994186,2.0
187.0,2.0,-349.988685,2.0
190.0,2.0,-613.131666,2.0
193.0,2.0,-335.977109,2.0
196.0,2.0,-321.352338,2.0
199.0,2.0,58.717596,2.0
0.0,3.0,469.201892,0.0
3.0,3.0,416.233718,0.0
6.0,3.0,607.268099,0.0
9.0,3.0,332.979326,0.0
12.0,3.0,-262.147997,0.0
15.0,3.0,-261.212836,0.0
18.0,3.0,-226.303676,0.0
21.0,3.0,-283.500679,0.0
24.0,3.0,-426.004259,0.0
27.0,3.0,-510.908553,0.0
30.0,3.0,-570.202517,0.0
33.0,3.0,-405.54487,0.0
36.0,3.0,-146.636626,0.0
39.0,3.0,-388.541911,0.0
42.0,3.0,-566.891983,0.0
45.0,3.0,-662.601625,0.0
48.0,3.0,-795.767135,0.0
51.0,3.0,-793.242349,0.0
54.0,3.0,-580.554656,0.0
57.0,3.0,-756.821022,0.0
60.0,3.0,-541.521172,0.0
63.0,3.0,-421.478754,0.0
66.0,3.0,67.233506,0.0
69.0,3.0,22.475374,0.0
72.0,3.0,463.519569,3.0
75.0,3.0,687.146364,3.0
78.0,3.0,199.865015,3.0
81.0,3.0,-130.811804,3.0
84.0,3.0,-344.717253,3.0
87.0,3.0,-439.458719,3.0
90.0,3.0,-324.43939,3.0
93.0,3.0,-449.170623,3.0
96.0,3.0,-419.032433,3.0
99.0,3.0,-242.416623,3.0
102.0,3.0,-483.176053,3.0
105.0,3.0,-255.141402,3.0
108.0,3.0,-675.488484,3.0
111.0,3.0,-556.071139,3.0
114.0,3.0,-400.204864,3.0
117.0,3.0,-464.676743,3.0
120.0,3.0,-103.393269,3.0
123.0,3.0,-297.711302,3.0
126.0,3.0,83.398049,3.0
129.0,3.0,60.115387,3.0
132.0,3.0,73.275139,1.0
135.0,3.0,-91.264003,1.0
138.0,3.0,-337.948409,1.0
141.0,3.0,-367.652247,1.0
144.0,3.0,-304.399582,1.0
147.0,3.0,-220.705378,1.0
150.0,3.0,208.953231,1.0
153.0,3.0,-335.376919,1.0
156.0,3.0,-672.452695,1.0
159.0,3.0,-810.550289,1.0
162.0,3.0,-667.789367,1.0
165.0,3.0,-697.441316,1.0
168.0,3.0,-162.868826,1.0
171.0,3.0,-205.399658,2.0
174.0,3.0,-442.672942,2.0
177.0,3.0,-612.211674,2.0
180.0,3.0,-582.194644,2.0
183.0,3.0,-565.001921,2.0
186.0,3.0,-304.903034,2.0
189.0,3.0,-524.349584,2.0
192.0,3.0,-315.891876,2.0
195.0,3.0,-354.32958,2.0
198.0,3.0,-221.477103,2.0
2.0,4.0,441.47276,0.0
5.0,4.0,677.005026,0.0
8.0,4.0,275.633354,0.0
11.0,4.0,-49.766833,0.0
14.0,4.0,-274.170233,0.0
17.0,4.0,-244.00442,0.0
20.0,4.0,-166.041975,0.0
23.0,4.0,-425.746025,0.0
26.0,4.0,-489.524003,0.0
29.0,4.0,-604.303103,0.0
32.0,4.0,-456.554188,0.0
35.0,4.0,-221.287611,0.0
38.0,4.0,-113.640513,0.0
41.0,4.0,-400.709905,0.0
44.0,4.0,-553.552542,0.0
47.0,4.0,-698.786938,0.0
50.0,4.0,-713.918947,0.0
53.0,4.0,-729.854347,0.0
56.0,4.0,-601.726968,0.0
59.0,4.0,-604.621022,0.0
62.0,4.0,-320.227808,0.0
65.0,4.0,-70.775284,0.0
68.0,4.0,1.264026,0.0
71.0,4.0,84.564573,3.0
74.0,4.0,654.266912,3.0
77.0,4.0,302.086658,3.0
80.0,4.0,-93.747729,3.0
83.0,4.0,-277.359335,3.0
86.0,4.0,-448.180553,3.0
89.0,4.0,-448.585883,3.0
92.0,4.0,-471.466115,3.0
95.0,4.0,-379.247416,3.0
98.0,4.0,-197.695389,3.0
101.0,4.0,-617.272946,3.0
104.0,4.0,-181.268461,3.0
107.0,4.0,-653.510913,3.0
110.0,4.0,-574.766992,3.0
113.0,4.0,-411.123875,3.0
116.0,4.0,-635.125215,3.0
119.0,4.0,-353.954687,3.0
122.0,4.0,-368.578701,3.0
125.0,4.0,156.306054,3.0
128.0,4.0,110.573413,3.0
131.0,4.0,124.513422,3.0
134.0,4.0,-77.076593,1.0
137.0,4.0,-277.43574,1.0
140.0,4.0,-490.761051,1.0
143.0,4.0,-359.486608,1.0
146.0,4.0,-225.896658,1.0
149.0,4.0,138.983958,1.0
152.0,4.0,-32.550694,1.0
155.0,4.0,-522.751445,1.0
158.0,4.0,-877.000639,1.0
161.0,4.0,-756.201842,1.0
164.0,4.0,-706.281823,1.0
167.0,4.0,-417.891418,1.0
170.0,4.0,-55.322973,2.0
173.0,4.0,-350.789256,2.0
176.0,4.0,-463.89431,2.0
179.0,4.0,-379.916693,2.0
182.0,4.0,-437.642424,2.0
185.0,4.0,-344.510095,2.0
188.0,4.0,-282.285261,2.0
191.0,4.0,-373.847441,2.0
194.0,4.0,-271.441195,2.0
197.0,4.0,-181.248175,2.0
1.0,5.0,403.358594,0.0
4.0,5.0,593.027145,0.0
7.0,5.0,340.85417,0.0
10.0,5.0,147.989264,0.0
13.0,5.0,-246.018538,0.0
16.0,5.0,-158.379891,0.0
19.0,5.0,-179.443084,0.0
22.0,5.0,-331.280573,0.0
25.0,5.0,-427.208686,0.0
28.0,5.0,-530.795989,0.0
31.0,5.0,-532.115218,0.0
34.0,5.0,-329.75188,0.0
37.0,5.0,12.604884,0.0
40.0,5.0,-141.168955,0.0
43.0,5.0,-392.649269,0.0
46.0,5.0,-513.110305,0.0
49.0,5.0,-549.116602,0.0
52.0,5.0,-872.482517,0.0
55.0,5.0,-634.683314,0.0
58.0,5.0,-488.741905,0.0
61.0,5.0,-366.960886,0.0
64.0,5.0,-211.230443,0.0
67.0,5.0,-55.504049,0.0
70.0,5.0,-76.157529,3.0
73.0,5.0,326.435617,3.0
76.0,5.0,470.764586,3.0
79.0,5.0,5.017362,3.0
82.0,5.0,-304.919754,3.0
85.0,5.0,-564.478805,3.0
88.0,5.0,-355.333005,3.0
91.0,5.0,-390.502309,3.0
94.0,5.0,-368.517947,3.0
97.0,5.0,-309.096825,3.0
100.0,5.0,-550.796963,3.0
103.0,5.0,-237.873867,3.0
106.0,5.0,-492.622429,3.0
109.0,5.0,-701.825962,3.0
112.0,5.0,-462.052599,3.0
115.0,5.0,-745.767599,3.0
118.0,5.0,-594.370161,3.0
121.0,5.0,-354.652923,3.0
124.0,5.0,-227.4988,3.0
127.0,5.0,154.516023,3.0
130.0,5.0,161.089662,3.0
133.0,5.0,4.461692,1.0
136.0,5.0,-106.668181,1.0
139.0,5.0,-419.584519,1.0
142.0,5.0,-567.597493,1.0
145.0,5.0,-295.853492,1.0
148.0,5.0,-10.602401,1.0
151.0,5.0,227.454103,1.0
154.0,5.0,-335.650702,1.0
157.0,5.0,-641.39178,1.0
160.0,5.0,-903.981339,1.0
163.0,5.0,-639.474539,1.0
166.0,5.0,-590.250136,1.0
169.0,5.0,-220.561235,1.0
172.0,5.0,-152.036797,2.0
175.0,5.0,-255.240805,2.0
178.0,5.0,-88.245065,2.0
181.0,5.0,-134.176037,2.0
184.0,5.0,-294.979943,2.0
187.0,5.0,-272.862661,2.0
190.0,5.0,-292.914353,2.0
193.0,5.0,-152.590757,2.0
196.0,5.0,-150.54921,2.0
199.0,5.0,325.610864,2.0
0.0,6.0,220.623242,0.0
3.0,6.0,411.422364,0.0
6.0,6.0,488.921369,0.0
9.0,6.0,240.193207,0.0
12.0,6.0,-69.867063,0.0
15.0,6.0,-186.567721,0.0
18.0,6.0,-220.181134,0.0
21.0,6.0,-223.892668,0.0
24.0,6.0,-381.023527,0.0
27.0,6.0,-470.35067,0.0
30.0,6.0,-634.875658,0.0
33.0,6.0,-401.869855,0.0
36.0,6.0,-65.593987,0.0
39.0,6.0,-149.603667,0.0
42.0,6.0,-224.588886,0.0
45.0,6.0,-286.931464,0.0
48.0,6.0,-394.834332,0.0
51.0,6.0,-766.533776,0.0
54.0,6.0,-645.35538,0.0
57.0,6.0,-435.236125,0.0
60.0,6.0,-424.656628,0.0
63.0,6.0,-304.974849,0.0
66.0,6.0,-222.920517,0.0
69.0,6.0,-210.159266,0.0
72.0,6.0,14.027646,3.0
75.0,6.0,496.878573,3.0
78.0,6.0,166.287622,3.0
81.0,6.0,-339.485796,3.0
84.0,6.0,-509.425213,3.0
87.0,6.0,-179.043208,3.0
90.0,6.0,-260.881717,3.0
93.0,6.0,-354.851333,3.0
96.0,6.0,-351.017254,3.0
99.0,6.0,-276.743878,3.0
102.0,6.0,-397.625634,3.0
105.0,6.0,-350.232796,3.0
108.0,6.0,-720.099582,3.0
111.0,6.0,-478.303555,3.0
114.0,6.0,-824.912947,3.0
117.0,6.0,-746.084172,3.0
120.0,6.0,-315.46833,3.0
123.0,6.0,-396.436277,3.0
126.0,6.0,-193.588015,3.0
129.0,6.0,182.0628,3.0
132.0,6.0,185.250707,1.0
135.0,6.0,-50.861204,1.0
138.0,6.0,-181.535378,1.0
141.0,6.0,-615.144459,1.0
144.0,6.0,-444.163997,1.0
147.0,6.0,213.874258,1.0
150.0,6.0,34.488102,1.0
153.0,6.0,-65.82209,1.0
156.0,6.0,-431.783433,1.0
159.0,6.0,-739.619748,1.0
162.0,6.0,-809.775653,1.0
165.0,6.0,-477.234401,1.0
168.0,6.0,-424.215043,1.0
171.0,6.0,-126.183132,2.0
174.0,6.0,-268.1251,2.0
177.0,6.0,-34.166204,2.0
180.0,6.0,52.559652,2.0
183.0,6.0,-178.315151,2.0
186.0,6.0,-273.516258,2.0
189.0,6.0,-316.168313,2.0
192.0,6.0,-9.490989,2.0
195.0,6.0,-99.873355,2.0
198.0,6.0,343.010103,2.0
2.0,7.0,239.133162,0.0
5.0,7.0,474.979634,0.0
8.0,7.0,273.104346,0.0
11.0,7.0,122.341471,0.0
14.0,7.0,-41.83601,0.0
17.0,7.0,-99.120561,0.0
20.0,7.0,-181.848521,0.0
23.0,7.0,-290.600834,0.0
26.0,7.0,-388.538563,0.0
29.0,7.0,-540.692186,0.0
32.0,7.0,-547.411544,0.0
35.0,7.0,-222.922112,0.0
38.0,7.0,-184.131323,0.0
41.0,7.0,-160.147101,0.0
44.0,7.0,-124.004334,0.0
47.0,7.0,-281.426514,0.0
50.0,7.0,-612.28367,0.0
53.0,7.0,-718.205912,0.0
56.0,7.0,-329.694998,0.0
59.0,7.0,-447.343598,0.0
62.0,7.0,-291.99864,0.0
65.0,7.0,-256.697075,0.0
68.0,7.0,-345.506908,0.0
71.0,7.0,-18.307096,3.0
74.0,7.0,299.051461,3.0
77.0,7.0,255.98468,3.0
80.0,7.0,-307.040819,3.0
83.0,7.0,-350.011054,3.0
86.0,7.0,-217.7066,3.0
89.0,7.0,-90.67008,3.0
92.0,7.0,-435.956795,3.0
95.0,7.0,-306.360899,3.0
98.0,7.0,-156.839595,3.0
101.0,7.0,-460.321733,3.0
104.0,7.0,-289.727438,3.0
107.0,7.0,-698.734904,3.0
110.0,7.0,-617.899596,3.0
113.0,7.0,-824.361589,3.0
116.0,7.0,-718.316486,3.0
119.0,7.0,-288.044649,3.0
122.0,7.0,-440.7328,3.0
125.0,7.0,-415.580269,3.0
128.0,7.0,-89.483938,3.0
131.0,7.0,160.084893,3.0
134.0,7.0,-84.068661,1.0
137.0,7.0,149.361714,1.0
140.0,7.0,-325.831659,1.0
143.0,7.0,-539.894963,1.0
146.0,7.0,22.894582,1.0
149.0,7.0,121.456313,1.0
152.0,7.0,-136.173523,1.0
155.0,7.0,-274.642301,1.0
158.0,7.0,-538.949245,1.0
161.0,7.0,-737.165172,1.0
164.0,7.0,-603.547202,1.0
167.0,7.0,-343.645536,1.0
170.0,7.0,-240.189438,2.0
173.0,7.0,-211.73033,2.0
176.0,7.0,-191.58094,2.0
179.0,7.0,62.723742,2.0
182.0,7.0,18.770721,2.0
185.0,7.0,-108.168893,2.0
188.0,7.0,-471.838848,2.0
191.0,7.0,-164.202276,2.0
194.0,7.0,-139.20721,2.0
197.0,7.0,239.757915,2.0
1.0,8.0,139.924838,0.0
4.0,8.0,423.69887,0.0
7.0,8.0,323.437229,0.0
10.0,8.0,263.727418,0.0
13.0,8.0,114.080817,0.0
16.0,8.0,23.484405,0.0
19.0,8.0,-162.310952,0.0
22.0,8.0,-243.464327,0.0
25.0,8.0,-331.580907,0.0
28.0,8.0,-383.442378,0.0
31.0,8.0,-575.337541,0.0
34.0,8.0,-148.332146,0.0
37.0,8.0,-191.172311,0.0
40.0,8.0,-275.106316,0.0
43.0,8.0,-78.344336,0.0
46.0,8.0,-94.307577,0.0
49.0,8.0,-424.999503,0.0
52.0,8.0,-666.610001,0.0
55.0,8.0,-317.727595,0.0
58.0,8.0,-402.322099,0.0
61.0,8.0,-287.229006,0.0
64.0,8.0,-202.762603,0.0
67.0,8.0,-370.76958,0.0
70.0,8.0,-161.272932,0.0
73.0,8.0,78.288108,3.0
76.0,8.0,433.652139,3.0
79.0,8.0,-233.477863,3.0
82.0,8.0,-196.530726,3.0
85.0,8.0,-397.279238,3.0
88.0,8.0,27.236759,3.0
91.0,8.0,-449.975331,3.0
94.0,8.0,-271.195203,3.0
97.0,8.0,-159.746272,3.0
100.0,8.0,-349.460284,3.0
103.0,8.0,-254.042854,3.0
106.0,8.0,-643.200888,3.0
109.0,8.0,-711.761488,3.0
112.0,8.0,-605.981701,3.0
115.0,8.0,-716.596897,3.0
118.0,8.0,-418.131642,3.0
121.0,8.0,-386.240528,3.0
124.0,8.0,-411.290371,3.0
127.0,8.0,-233.934004,3.0
130.0,8.0,-70.709435,3.0
133.0,8.0,-127.479662,1.0
136.0,8.0,226.690941,1.0
139.0,8.0,-41.745407,1.0
142.0,8.0,-256.147654,1.0
145.0,8.0,-263.136396,1.0
148.0,8.0,156.504944,1.0
151.0,8.0,-146.713297,1.0
154.0,8.0,-92.56536,1.0
157.0,8.0,-384.368888,1.0
160.0,8.0,-462.960699,1.0
163.0,8.0,-623.458372,1.0
166.0,8.0,-549.521146,1.0
169.0,8.0,-324.492672,2.0
172.0,8.0,-71.627742,2.0
175.0,8.0,-75.456315,2.0
178.0,8.0,-24.253061,2.0
181.0,8.0,96.48344,2.0
184.0,8.0,-53.499678,2.0
187.0,8.0,-316.505095,2.0
190.0,8.0,-414.633307,2.0
193.0,8.0,-251.575675,2.0
196.0,8.0,-34.820102,2.0
199.0,8.0,233.253152,2.0
0.0,9.0,62.946586,0.0
3.0,9.0,255.453379,0.0
6.0,9.0,377.931733,0.0
9.0,9.0,287.373451,0.0
12.0,9.0,164.79509,0.0
15.0,9.0,100.276794,0.0
18.0,9.0,-182.894143,0.0
21.0,9.0,-279.308757,0.0
24.0,9.0,-302.543098,0.0
27.0,9.0,-448.160828,0.0
30.0,9.0,-430.65367,0.0
33.0,9.0,-151.166306,0.0
36.0,9.0,48.602925,0.0
39.0,9.0,-212.168723,0.0
42.0,9.0,-143.702206,0.0
45.0,9.0,-154.692851,0.0
48.0,9.0,-94.506006,0.0
51.0,9.0,-508.89531,0.0
54.0,9.0,-411.94256,0.0
57.0,9.0,-375.410396,0.0
60.0,9.0,-301.766877,0.0
63.0,9.0,-345.54785,0.0
66.0,9.0,-300.129205,0.0
69.0,9.0,-477.42566,0.0
72.0,9.0,25.943772,3.0
75.0,9.0,423.967362,3.0
78.0,9.0,-65.023178,3.0
81.0,9.0,-223.078335,3.0
84.0,9.0,-372.302268,3.0
87.0,9.0,123.563737,3.0
90.0,9.0,-383.834648,3.0
93.0,9.0,-324.027515,3.0
96.0,9.0,-149.738719,3.0
99.0,9.0,-243.243215,3.0
102.0,9.0,-188.572714,3.0
105.0,9.0,-522.800445,3.0
108.0,9.0,-826.367337,3.0
111.0,9.0,-502.390978,3.0
114.0,9.0,-720.583624,3.0
117.0,9.0,-497.183042,3.0
120.0,9.0,-325.899884,3.0
123.0,9.0,-499.87222,3.0
126.0,9.0,-286.079848,3.0
129.0,9.0,-281.907202,3.0
132.0,9.0,-288.48111,1.0
135.0,9.0,-185.812678,1.0
138.0,9.0,258.073843,1.0
141.0,9.0,415.416228,1.0
144.0,9.0,-224.198297,1.0
147.0,9.0,-238.058839,1.0
150.0,9.0,155.743817,1.0
153.0,9.0,-12.257673,1.0
156.0,9.0,-232.22961,1.0
159.0,9.0,-285.118619,1.0
162.0,9.0,-423.842359,1.0
165.0,9.0,-568.574554,1.0
168.0,9.0,-406.227106,1.0
171.0,9.0,-245.281732,2.0
174.0,9.0,126.249088,2.0
177.0,9.0,-141.763203,2.0
180.0,9.0,-14.565371,2.0
183.0,9.0,52.004187,2.0
186.0,9.0,-277.194879,2.0
189.0,9.0,-482.159616,2.0
192.0,9.0,-239.099068,2.0
195.0,9.0,-203.578167,2.0
198.0,9.0,55.751304,2.0
2.0,10.0,-13.165047,0.0
5.0,10.0,283.150609,0.0
8.0,10.0,307.47507,0.0
11.0,10.0,251.332321,0.0
14.0,10.0,181.35802,0.0
17.0,10.0,-103.52048,0.0
20.0,10.0,-276.68373,0.0
23.0,10.0,-316.528205,0.0
26.0,10.0,-406.581773,0.0
29.0,10.0,-382.761335,0.0
32.0,10.0,-66.608966,0.0
35.0,10.0,328.430389,0.0
38.0,10.0,-61.734775,0.0
41.0,10.0,-132.360508,0.0
44.0,10.0,-144.061522,0.0
47.0,10.0,86.975977,0.0
50.0,10.0,-314.79522,0.0
53.0,10.0,-377.058944,0.0
56.0,10.0,-346.482132,0.0
59.0,10.0,-241.731549,0.0
62.0,10.0,-367.889711,0.0
65.0,10.0,-304.074955,0.0
68.0,10.0,-503.399596,0.0
71.0,10.0,-134.960575,3.0
74.0,10.0,177.462126,3.0
77.0,10.0,228.217425,3.0
80.0,10.0,-313.396978,3.0
83.0,10.0,-273.643342,3.0
86.0,10.0,84.961263,3.0
89.0,10.0,-183.177878,3.0
92.0,10.0,-478.729602,3.0
95.0,10.0,-286.239306,3.0
98.0,10.0,-50.800539,3.0
101.0,10.0,-99.188778,3.0
104.0,10.0,-433.317528,3.0
107.0,10.0,-904.215974,3.0
110.0,10.0,-556.044899,3.0
113.0,10.0,-737.318679,3.0
116.0,10.0,-453.400465,3.0
119.0,10.0,-192.665622,3.0
122.0,10.0,-407.480862,3.0
125.0,10.0,-477.528565,3.0
128.0,10.0,-373.804067,3.0
131.0,10.0,-395.04037,3.0
134.0,10.0,-343.547661,1.0
137.0,10.0,143.570748,1.0
140.0,10.0,612.760913,1.0
143.0,10.0,412.444289,1.0
146.0,10.0,-362.350243,1.0
149.0,10.0,37.759103,1.0
152.0,10.0,-32.530788,1.0
155.0,10.0,-57.930842,1.0
158.0,10.0,-193.070535,1.0
161.0,10.0,-456.596258,1.0
164.0,10.0,-457.280768,1.0
167.0,10.0,-472.083317,1.0
170.0,10.0,-279.402668,2.0
173.0,10.0,130.375776,2.0
176.0,10.0,-13.979022,2.0
179.0,10.0,57.021736,2.0
182.0,10.0,213.645849,2.0
185.0,10.0,-324.339054,2.0
188.0,10.0,-391.51356,2.0
191.0,10.0,-308.452706,2.0
194.0,10.0,-257.190118,2.0
197.0,10.0,-112.495695,2.0
1.0,11.0,5.589234,0.0
4.0,11.0,217.781761,0.0
7.0,11.0,279.14392,0.0
10.0,11.0,230.830761,0.0
13.0,11.0,260.539865,0.0
16.0,11.0,134.783292,0.0
19.0,11.0,-244.177463,0.0
22.0,11.0,-271.609048,0.0
25.0,11.0,-312.268907,0.0
28.0,11.0,-401.596976,0.0
31.0,11.0,-65.885046,0.0
34.0,11.0,290.744099,0.0
37.0,11.0,200.201811,0.0
40.0,11.0,0.306317,0.0
43.0,11.0,-56.858425,0.0
46.0,11.0,-23.324,0.0
49.0,11.0,-124.553233,0.0
52.0,11.0,-153.41541,0.0
55.0,11.0,-174.37785,0.0
58.0,11.0,-193.156732,0.0
61.0,11.0,-225.881762,0.0
64.0,11.0,-329.091849,0.0
67.0,11.0,-319.721656,0.0
70.0,11.0,-411.933775,0.0
73.0,11.0,38.167806,3.0
76.0,11.0,408.284279,3.0
79.0,11.0,-312.799501,3.0
82.0,11.0,-315.481307,3.0
85.0,11.0,-141.917772,3.0
88.0,11.0,229.775022,3.0
91.0,11.0,-501.097957,3.0
94.0,11.0,-312.706655,3.0
97.0,11.0,0.110858,3.0
100.0,11.0,-156.893417,3.0
103.0,11.0,-310.821512,3.0
106.0,11.0,-791.22578,3.0
109.0,11.0,-613.618847,3.0
112.0,11.0,-715.819512,3.0
115.0,11.0,-409.440698,3.0
118.0,11.0,-299.369567,3.0
121.0,11.0,-327.337547,3.0
124.0,11.0,-538.782716,3.0
127.0,11.0,-532.461337,3.0
130.0,11.0,-237.101463,3.0
133.0,11.0,-423.26022,1.0
136.0,11.0,-221.700611,1.0
139.0,11.0,634.180206,1.0
142.0,11.0,866.99864,1.0
145.0,11.0,183.805872,1.0
148.0,11.0,-215.78829,1.0
151.0,11.0,29.958063,1.0
154.0,11.0,157.634899,1.0
157.0,11.0,-68.698402,1.0
160.0,11.0,-301.504856,1.0
163.0,11.0,-453.652963,1.0
166.0,11.0,-395.760946,1.0
169.0,11.0,-213.970847,2.0
172.0,11.0,-110.118419,2.0
175.0,11.0,266.606031,2.0
178.0,11.0,195.3263,2.0
181.0,11.0,371.19723,2.0
184.0,11.0,-114.086259,2.0
187.0,11.0,-336.961303,2.0
190.0,11.0,-446.644557,2.0
193.0,11.0,-218.673646,2.0
196.0,11.0,-129.886318,2.0
199.0,11.0,-76.617926,2.0
0.0,12.0,21.772496,0.0
3.0,12.0,145.886594,0.0
6.0,12.0,246.237634,0.0
9.0,12.0,159.184465,0.0
12.0,12.0,230.129088,0.0
15.0,12.0,337.470187,0.0
18.0,12.0,-25.567658,0.0
21.0,12.0,-222.787112,0.0
24.0,12.0,-325.456297,0.0
27.0,12.0,-366.693035,0.0
30.0,12.0,-169.284869,0.0
33.0,12.0,164.078095,0.0
36.0,12.0,345.067705,0.0
39.0,12.0,139.764195,0.0
42.0,12.0,80.598744,0.0
45.0,12.0,10.6581,0.0
48.0,12.0,-163.206285,0.0
51.0,12.0,42.251459,0.0
54.0,12.0,-26.467871,0.0
57.0,12.0,-123.190798,0.0
60.0,12.0,-45.298145,0.0
63.0,12.0,-208.17371,0.0
66.0,12.0,-260.877238,0.0
69.0,12.0,-386.687136,0.0
72.0,12.0,167.959399,3.0
75.0,12.0,425.362254,3.0
78.0,12.0,-121.56663,3.0
81.0,12.0,-306.510894,3.0
84.0,12.0,-218.623771,3.0
87.0,12.0,362.052967,3.0
90.0,12.0,-394.878688,3.0
93.0,12.0,-246.073462,3.0
96.0,12.0,-146.300716,3.0
99.0,12.0,-148.876788,3.0
102.0,12.0,-213.607988,3.0
105.0,12.0,-665.789675,3.0
108.0,12.0,-776.85928,3.0
111.0,12.0,-747.765868,3.0
114.0,12.0,-484.370536,3.0
117.0,12.0,-407.266164,3.0
120.0,12.0,-327.398594,3.0
123.0,12.0,-426.837565,3.0
126.0,12.0,-480.640257,3.0
129.0,12.0,-267.948803,3.0
132.0,12.0,-434.476408,1.0
135.0,12.0,-451.197354,1.0
138.0,12.0,230.442635,1.0
141.0,12.0,1208.054041,1.0
144.0,12.0,805.036733,1.0
147.0,12.0,-216.994083,1.0
150.0,12.0,118.964957,1.0
153.0,12.0,91.302318,1.0
156.0,12.0,32.610099,1.0
159.0,12.0,-52.828494,1.0
162.0,12.0,-347.093209,1.0
165.0,12.0,-414.005802,1.0
168.0,12.0,-97.080143,2.0
171.0,12.0,-80.440958,2.0
174.0,12.0,115.388238,2.0
177.0,12.0,371.04991,2.0
180.0,12.0,460.602057,2.0
183.0,12.0,70.334063,2.0
186.0,12.0,-338.33061,2.0
189.0,12.0,-556.312016,2.0
192.0,12.0,-60.689072,2.0
195.0,12.0,-108.611824,2.0
198.0,12.0,-66.483818,2.0
2.0,13.0,204.537902,0.0
5.0,13.0,216.510238,0.0
8.0,13.0,120.561207,0.0
11.0,13.0,266.120158,0.0
14.0,13.0,189.61728,0.0
17.0,13.0,186.329038,0.0
20.0,13.0,-243.681603,0.0
23.0,13.0,-401.220829,0.0
26.0,13.0,-249.446074,0.0
29.0,13.0,-258.992538,0.0
32.0,13.0,2.108814,0.0
35.0,13.0,150.625904,0.0
38.0,13.0,245.513192,0.0
41.0,13.0,29.951646,0.0
44.0,13.0,-147.959059,0.0
47.0,13.0,-247.536461,0.0
50.0,13.0,-95.47468,0.0
53.0,13.0,68.817085,0.0
56.0,13.0,21.906272,0.0
59.0,13.0,70.561762,0.0
62.0,13.0,-116.835775,0.0
65.0,13.0,-180.741777,0.0
68.0,13.0,-266.534088,0.0
71.0,13.0,77.180721,0.0
74.0,13.0,430.924352,3.0
77.0,13.0,28.886652,3.0
80.0,13.0,-254.300976,3.0
83.0,13.0,-199.544617,3.0
86.0,13.0,283.950848,3.0
89.0,13.0,-131.305157,3.0
92.0,13.0,-327.727243,3.0
95.0,13.0,-231.812675,3.0
98.0,13.0,18.371797,3.0
101.0,13.0,-167.251817,3.0
104.0,13.0,-531.826895,3.0
107.0,13.0,-778.771369,3.0
110.0,13.0,-656.272256,3.0
113.0,13.0,-564.251443,3.0
116.0,13.0,-372.022555,3.0
119.0,13.0,-408.049286,3.0
122.0,13.0,-410.607888,3.0
125.0,13.0,-385.957372,3.0
128.0,13.0,-352.442539,3.0
131.0,13.0,-395.556497,1.0
134.0,13.0,-450.185101,1.0
137.0,13.0,-173.983525,1.0
140.0,13.0,988.099368,1.0
143.0,13.0,1000.412371,1.0
146.0,13.0,261.839606,1.0
149.0,13.0,-128.644325,1.0
152.0,13.0,89.115581,1.0
155.0,13.0,213.670026,1.0
158.0,13.0,22.374015,1.0
161.0,13.0,-21.015976,1.0
164.0,13.0,-402.6262,1.0
167.0,13.0,-231.792118,1.0
170.0,13.0,155.076601,2.0
173.0,13.0,-131.448594,2.0
176.0,13.0,279.21834,2.0
179.0,13.0,399.421852,2.0
182.0,13.0,43.920623,2.0
185.0,13.0,-353.49497,2.0
188.0,13.0,-596.106821,2.0
191.0,13.0,-192.167582,2.0
194.0,13.0,56.151216,2.0
197.0,13.0,-204.213775,2.0
1.0,14.0,382.969287,0.0
4.0,14.0,251.823664,0.0
7.0,14.0,129.016878,0.0
10.0,14.0,133.221358,0.0
13.0,14.0,158.018613,0.0
16.0,14.0,130.95915,0.0
19.0,14.0,-308.503581,0.0
22.0,14.0,-403.524,0.0
25.0,14.0,-233.628951,0.0
28.0,14.0,-245.071728,0.0
31.0,14.0,-70.978965,0.0
34.0,14.0,-58.99555,0.0
37.0,14.0,189.721625,0.0
40.0,14.0,-32.667638,0.0
43.0,14.0,-299.473907,0.0
46.0,14.0,-249.034633,0.0
49.0,14.0,-175.186952,0.0
52.0,14.0,85.480475,0.0
55.0,14.0,114.913854,0.0
58.0,14.0,-70.873942,0.0
61.0,14.0,-123.717512,0.0
64.0,14.0,-117.172073,0.0
67.0,14.0,-298.090416,0.0
70.0,14.0,-109.187516,0.0
73.0,14.0,430.429285,3.0
76.0,14.0,194.655188,3.0
79.0,14.0,-282.798276,3.0
82.0,14.0,-187.821058,3.0
85.0,14.0,62.127142,3.0
88.0,14.0,273.452706,3.0
91.0,14.0,-332.452508,3.0
94.0,14.0,-284.154895,3.0
97.0,14.0,301.311881,3.0
100.0,14.0,-95.05202,3.0
103.0,14.0,-374.008837,3.0
106.0,14.0,-733.725519,3.0
109.0,14.0,-551.523091,3.0
112.0,14.0,-697.603504,3.0
115.0,14.0,-437.647257,3.0
118.0,14.0,-467.512251,3.0
121.0,14.0,-481.130651,3.0
124.0,14.0,-239.645889,3.0
127.0,14.0,-249.325142,3.0
130.0,14.0,-346.803889,3.0
133.0,14.0,-516.115562,1.0
136.0,14.0,-154.090569,1.0
139.0,14.0,457.122784,1.0
142.0,14.0,1191.355097,1.0
145.0,14.0,524.585563,1.0
148.0,14.0,-399.905485,1.0
151.0,14.0,54.361159,1.0
154.0,14.0,245.314339,1.0
157.0,14.0,61.545642,1.0
160.0,14.0,45.62149,1.0
163.0,14.0,-53.93252,1.0
166.0,14.0,-325.237272,1.0
169.0,14.0,-5.204546,2.0
172.0,14.0,-95.447048,2.0
175.0,14.0,131.091283,2.0
178.0,14.0,127.180657,2.0
181.0,14.0,-98.983659,2.0
184.0,14.0,-19.898715,2.0
187.0,14.0,-434.326273,2.0
190.0,14.0,-313.621293,2.0
193.0,14.0,422.482678,2.0
196.0,14.0,-13.240823,2.0
199.0,14.0,-129.066501,2.0
0.0,15.0,322.396294,0.0
3.0,15.0,329.016851,0.0
6.0,15.0,149.46345,0.0
9.0,15.0,-14.257122,0.0
12.0,15.0,165.403859,0.0
15.0,15.0,-65.804244,0.0
18.0,15.0,-310.574534,0.0
21.0,15.0,-442.73756,0.0
24.0,15.0,-333.907348,0.0
27.0,15.0,-237.449642,0.0
30.0,15.0,-81.191153,0.0
33.0,15.0,-71.775119,0.0
36.0,15.0,43.74819,0.0
39.0,15.0,-159.797716,0.0
42.0,15.0,-335.533293,0.0
45.0,15.0,-366.615907,0.0
48.0,15.0,-141.71205,0.0
51.0,15.0,139.82061,0.0
54.0,15.0,-56.90515,0.0
57.0,15.0,-234.624518,0.0
60.0,15.0,-293.174665,0.0
63.0,15.0,-133.097495,0.0
66.0,15.0,-241.769595,0.0
69.0,15.0,-164.939718,0.0
72.0,15.0,306.40978,0.0
75.0,15.0,424.763723,3.0
78.0,15.0,-308.03342,3.0
81.0,15.0,-183.110743,3.0
84.0,15.0,-214.358166,3.0
87.0,15.0,329.772554,3.0
90.0,15.0,-135.201619,3.0
93.0,15.0,-286.040443,3.0
96.0,15.0,343.231941,3.0
99.0,15.0,81.714136,3.0
102.0,15.0,-280.254665,3.0
105.0,15.0,-647.266898,3.0
108.0,15.0,-601.667857,3.0
111.0,15.0,-712.129319,3.0
114.0,15.0,-553.812199,3.0
117.0,15.0,-446.268176,3.0
120.0,15.0,-459.816458,3.0
123.0,15.0,-437.120512,3.0
126.0,15.0,7.998927,3.0
129.0,15.0,-233.578651,3.0
132.0,15.0,-458.828912,1.0
135.0,15.0,-223.978693,1.0
138.0,15.0,349.074495,1.0
141.0,15.0,1062.948701,1.0
144.0,15.0,690.457055,1.0
147.0,15.0,-253.677784,1.0
150.0,15.0,-287.696367,1.0
153.0,15.0,280.221248,1.0
156.0,15.0,179.619619,1.0
159.0,15.0,462.012077,1.0
162.0,15.0,275.057696,1.0
165.0,15.0,-131.060943,1.0
168.0,15.0,-257.043814,2.0
171.0,15.0,-265.286898,2.0
174.0,15.0,-157.722735,2.0
177.0,15.0,140.205052,2.0
180.0,15.0,-145.214092,2.0
183.0,15.0,284.673118,2.0
186.0,15.0,-125.456398,2.0
189.0,15.0,-85.697352,2.0
192.0,15.0,614.669442,2.0
195.0,15.0,640.343026,2.0
198.0,15.0,-128.277241,2.0
2.0,16.0,310.002934,0.0
5.0,16.0,21.918357,0.0
8.0,16.0,-2.621592,0.0
11.0,16.0,59.648921,0.0
14.0,16.0,-62.821363,0.0
17.0,16.0,-424.444889,0.0
20.0,16.0,-495.195966,0.0
23.0,16.0,-462.940566,0.0
26.0,16.0,-357.531759,0.0
29.0,16.0,-109.713538,0.0
32.0,16.0,-24.507013,0.0
35.0,16.0,97.740784,0.0
38.0,16.0,-326.565664,0.0
41.0,16.0,-244.853248,0.0
44.0,16.0,-485.933811,0.0
47.0,16.0,-242.820642,0.0
50.0,16.0,-92.687933,0.0
53.0,16.0,-185.785558,0.0
56.0,16.0,-157.064434,0.0
59.0,16.0,-394.566411,0.0
62.0,16.0,-262.073733,0.0
65.0,16.0,-277.14334,0.0
68.0,16.0,-302.193706,0.0
71.0,16.0,116.30254,0.0
74.0,16.0,529.686704,3.0
77.0,16.0,-227.85537,3.0
80.0,16.0,-69.379117,3.0
83.0,16.0,-130.384116,3.0
86.0,16.0,197.137169,3.0
89.0,16.0,110.471774,3.0
92.0,16.0,-312.670689,3.0
95.0,16.0,183.569769,3.0
98.0,16.0,317.522277,3.0
101.0,16.0,-159.498875,3.0
104.0,16.0,-429.410116,3.0
107.0,16.0,-522.667762,3.0
110.0,16.0,-748.841466,3.0
113.0,16.0,-671.379626,3.0
116.0,16.0,-380.6378,3.0
119.0,16.0,-390.643682,3.0
122.0,16.0,-500.580681,3.0
125.0,16.0,-255.867848,3.0
128.0,16.0,24.135069,3.0
131.0,16.0,-313.031555,1.0
134.0,16.0,-358.2969,1.0
137.0,16.0,107.69105,1.0
140.0,16.0,684.537375,1.0
143.0,16.0,999.077027,1.0
146.0,16.0,192.711505,1.0
149.0,16.0,-593.838652,1.0
152.0,16.0,-71.960354,1.0
155.0,16.0,380.449784,1.0
158.0,16.0,618.416238,1.0
161.0,16.0,516.971711,1.0
164.0,16.0,144.530281,1.0
167.0,16.0,20.147942,2.0
170.0,16.0,-261.206458,2.0
173.0,16.0,-315.553977,2.0
176.0,16.0,66.314358,2.0
179.0,16.0,-85.970651,2.0
182.0,16.0,329.146401,2.0
185.0,16.0,-39.464507,2.0
188.0,16.0,6.176874,2.0
191.0,16.0,780.5103,2.0
194.0,16.0,973.580845,2.0
197.0,16.0,344.847886,2.0
1.0,17.0,283.270362,0.0
4.0,17.0,41.187077,0.0
7.0,17.0,-146.866818,0.0
10.0,17.0,-90.120767,0.0
13.0,17.0,-91.889537,0.0
16.0,17.0,-384.80363,0.0
19.0,17.0,-449.38357,0.0
22.0,17.0,-511.944064,0.0
25.0,17.0,-453.678175,0.0
28.0,17.0,-176.810508,0.0
31.0,17.0,63.109971,0.0
34.0,17.0,89.706051,0.0
37.0,17.0,-317.178099,0.0
40.0,17.0,-365.331513,0.0
43.0,17.0,-477.767068,0.0
46.0,17.0,-419.908308,0.0
49.0,17.0,-334.537333,0.0
52.0,17.0,-182.901099,0.0
55.0,17.0,-200.484025,0.0
58.0,17.0,-409.63042,0.0
61.0,17.0,-342.463105,0.0
64.0,17.0,-392.607087,0.0
67.0,17.0,-327.233215,0.0
70.0,17.0,-168.897459,0.0
73.0,17.0,396.737905,3.0
76.0,17.0,-122.932856,3.0
79.0,17.0,44.849656,3.0
82.0,17.0,-202.732457,3.0
85.0,17.0,35.103223,3.0
88.0,17.0,226.627257,3.0
91.0,17.0,-188.548467,3.0
94.0,17.0,44.480972,3.0
97.0,17.0,376.78162,3.0
100.0,17.0,51.186751,3.0
103.0,17.0,-418.622973,3.0
106.0,17.0,-425.89663,3.0
109.0,17.0,-737.020382,3.0
112.0,17.0,-631.974116,3.0
115.0,17.0,-466.993764,3.0
118.0,17.0,-342.697186,3.0
121.0,17.0,-564.757634,3.0
124.0,17.0,-551.419511,3.0
127.0,17.0,225.64141,3.0
130.0,17.0,17.114567,3.0
133.0,17.0,-243.852548,1.0
136.0,17.0,-154.973116,1.0
139.0,17.0,305.572843,1.0
142.0,17.0,735.799709,1.0
145.0,17.0,551.451471,1.0
148.0,17.0,-675.767224,1.0
151.0,17.0,-547.992295,1.0
154.0,17.0,177.602009,1.0
157.0,17.0,619.15592,1.0
160.0,17.0,895.342361,1.0
163.0,17.0,493.548427,1.0
166.0,17.0,314.10232,1.0
169.0,17.0,-95.771786,2.0
172.0,17.0,-311.851528,2.0
175.0,17.0,-285.423732,2.0
178.0,17.0,-241.905193,2.0
181.0,17.0,281.601362,2.0
184.0,17.0,13.087973,2.0
187.0,17.0,-107.341926,2.0
190.0,17.0,717.908268,2.0
193.0,17.0,1212.618859,2.0
196.0,17.0,891.051998,2.0
199.0,17.0,294.880268,2.0
0.0,18.0,198.485958,0.0
3.0,18.0,174.54149,0.0
6.0,18.0,-133.073325,0.0
9.0,18.0,-162.20935,0.0
12.0,18.0,-176.659517,0.0
15.0,18.0,-241.277599,0.0
18.0,18.0,-487.684804,0.0
21.0,18.0,-471.453834,0.0
24.0,18.0,-437.304631,0.0
27.0,18.0,-300.80365,0.0
30.0,18.0,-74.801839,0.0
33.0,18.0,28.792497,0.0
36.0,18.0,-199.370087,0.0
39.0,18.0,-482.916206,0.0
42.0,18.0,-385.89065,0.0
45.0,18.0,-435.512079,0.0
48.0,18.0,-424.702739,0.0
51.0,18.0,-282.079705,0.0
54.0,18.0,-277.798044,0.0
57.0,18.0,-419.737941,0.0
60.0,18.0,-458.683746,0.0
63.0,18.0,-423.709127,0.0
66.0,18.0,-424.344608,0.0
69.0,18.0,-57.636679,0.0
72.0,18.0,103.614483,0.0
75.0,18.0,142.597474,3.0
78.0,18.0,-127.999721,3.0
81.0,18.0,-187.11431,3.0
84.0,18.0,72.487633,3.0
87.0,18.0,202.756183,3.0
90.0,18.0,-6.081626,3.0
93.0,18.0,-127.077367,3.0
96.0,18.0,308.126107,3.0
99.0,18.0,134.031939,3.0
102.0,18.0,-452.787145,3.0
105.0,18.0,-246.685523,3.0
108.0,18.0,-570.347906,3.0
111.0,18.0,-667.428282,3.0
114.0,18.0,-541.286125,3.0
117.0,18.0,-297.598534,3.0
120.0,18.0,-554.91063,3.0
123.0,18.0,-617.491412,3.0
126.0,18.0,-294.827303,3.0
129.0,18.0,196.82522,3.0
132.0,18.0,124.298735,1.0
135.0,18.0,-125.503177,1.0
138.0,18.0,-115.683921,1.0
141.0,18.0,298.873409,1.0
144.0,18.0,621.700622,1.0
147.0,18.0,-262.878748,1.0
150.0,18.0,-671.204306,1.0
153.0,18.0,-484.764457,1.0
156.0,18.0,300.570117,1.0
159.0,18.0,743.864541,1.0
162.0,18.0,610.623912,1.0
165.0,18.0,468.979542,1.0
168.0,18.0,322.37079,2.0
171.0,18.0,-230.641545,2.0
174.0,18.0,-391.52475,2.0
177.0,18.0,-368.56996,2.0
180.0,18.0,-11.745483,2.0
183.0,18.0,58.29086,2.0
186.0,18.0,-88.243953,2.0
189.0,18.0,553.079368,2.0
192.0,18.0,1259.565455,2.0
195.0,18.0,1223.916719,2.0
198.0,18.0,532.358155,2.0
2.0,19.0,215.256267,0.0
5.0,19.0,-42.262399,0.0
8.0,19.0,-165.497362,0.0
11.0,19.0,-241.989532,0.0
14.0,19.0,-96.019708,0.0
17.0,19.0,-394.616157,0.0
20.0,19.0,-377.602566,0.0
23.0,19.0,-370.068538,0.0
26.0,19.0,-429.671036,0.0
29.0,19.0,-167.037849,0.0
32.0,19.0,-51.463687,0.0
35.0,19.0,-135.987446,0.0
38.0,19.0,-447.127243,0.0
41.0,19.0,-451.493252,0.0
44.0,19.0,-383.485259,0.0
47.0,19.0,-430.314076,0.0
50.0,19.0,-337.059122,0.0
53.0,19.0,-244.784903,0.0
56.0,19.0,-490.785167,0.0
59.0,19.0,-542.761852,0.0
62.0,19.0,-441.499189,0.0
65.0,19.0,-538.367243,0.0
68.0,19.0,9.946798,0.0
71.0,19.0,68.421468,0.0
74.0,19.0,103.696453,3.0
77.0,19.0,-94.268046,3.0
80.0,19.0,-62.695056,3.0
83.0,19.0,-107.678803,3.0
86.0,19.0,238.783596,3.0
89.0,19.0,87.441134,3.0
92.0,19.0,-193.728329,3.0
95.0,19.0,187.127827,3.0
98.0,19.0,66.054282,3.0
101.0,19.0,-265.663422,3.0
104.0,19.0,-229.865759,3.0
107.0,19.0,-306.018505,3.0
110.0,19.0,-739.221408,3.0
113.0,19.0,-615.468105,3.0
116.0,19.0,-333.127199,3.0
119.0,19.0,-508.506355,3.0
122.0,19.0,-682.509641,3.0
125.0,19.0,-743.133884,3.0
128.0,19.0,-167.812143,3.0
131.0,19.0,428.026722,1.0
134.0,19.0,232.979318,1.0
137.0,19.0,-63.385735,1.0
140.0,19.0,-52.243335,1.0
143.0,19.0,274.375491,1.0
146.0,19.0,203.315601,1.0
149.0,19.0,-488.086266,1.0
152.0,19.0,-684.127603,1.0
155.0,19.0,-330.069371,1.0
158.0,19.0,452.063021,1.0
161.0,19.0,461.63326,1.0
164.0,19.0,354.350672,1.0
167.0,19.0,391.613283,2.0
170.0,19.0,-102.255307,2.0
173.0,19.0,-323.891417,2.0
176.0,19.0,-406.8299,2.0
179.0,19.0,-432.195758,2.0
182.0,19.0,-127.062888,2.0
185.0,19.0,-117.880567,2.0
188.0,19.0,407.603431,2.0
191.0,19.0,933.468307,2.0
194.0,19.0,1299.618184,2.0
197.0,19.0,669.304862,2.0
1.0,20.0,31.163043,0.0
4.0,20.0,151.233428,0.0
7.0,20.0,-158.23827,0.0
10.0,20.0,-194.129925,0.0
13.0,20.0,-141.172949,0.0
16.0,20.0,-312.228974,0.0
19.0,20.0,-317.772672,0.0
22.0,20.0,-425.222333,0.0
25.0,20.0,-501.441868,0.0
28.0,20.0,-338.645549,0.0
31.0,20.0,-136.902541,0.0
34.0,20.0,-76.409414,0.0
37.0,20.0,-346.071764,0.0
40.0,20.0,-388.434598,0.0
43.0,20.0,-334.068306,0.0
46.0,20.0,-371.211248,0.0
49.0,20.0,-252.828042,0.0
52.0,20.0,-255.792711,0.0
55.0,20.0,-367.182199,0.0
58.0,20.0,-683.204286,0.0
61.0,20.0,-497.578668,0.0
64.0,20.0,-586.057237,0.0
67.0,20.0,-271.429882,0.0
70.0,20.0,241.608793,0.0
73.0,20.0,-80.800874,3.0
76.0,20.0,-21.458986,3.0
79.0,20.0,-43.560168,3.0
82.0,20.0,-194.180411,3.0
85.0,20.0,231.916263,3.0
88.0,20.0,-33.735223,3.0
91.0,20.0,-151.175662,3.0
94.0,20.0,114.097977,3.0
97.0,20.0,75.60191,3.0
100.0,20.0,-191.056045,3.0
103.0,20.0,-324.219552,3.0
106.0,20.0,-155.78286,3.0
109.0,20.0,-640.671396,3.0
112.0,20.0,-582.208668,3.0
115.0,20.0,-278.652273,3.0
118.0,20.0,-375.718865,3.0
121.0,20.0,-790.897618,3.0
124.0,20.0,-758.094359,3.0
127.0,20.0,-513.900959,3.0
130.0,20.0,270.483036,3.0
133.0,20.0,366.603696,1.0
136.0,20.0,212.860234,1.0
139.0,20.0,-137.297333,1.0
142.0,20.0,39.195049,1.0
145.0,20.0,250.280727,1.0
148.0,20.0,-257.680696,1.0
151.0,20.0,-559.264431,1.0
154.0,20.0,-629.770135,1.0
157.0,20.0,71.545964,1.0
160.0,20.0,336.984048,1.0
163.0,20.0,155.224727,1.0
166.0,20.0,180.358044,2.0
169.0,20.0,1.295493,2.0
172.0,20.0,-297.703244,2.0
175.0,20.0,-412.679995,2.0
178.0,20.0,-530.687491,2.0
181.0,20.0,-372.587421,2.0
184.0,20.0,-127.571805,2.0
187.0,20.0,143.062728,2.0
190.0,20.0,786.490224,2.0
193.0,20.0,1241.376111,2.0
196.0,20.0,934.863028,2.0
199.0,20.0,220.632418,2.0
0.0,21.0,-139.159764,0.0
3.0,21.0,12.585749,0.0
6.0,21.0,-184.20587,0.0
9.0,21.0,-156.860979,0.0
12.0,21.0,-85.821797,0.0
15.0,21.0,-239.407619,0.0
18.0,21.0,-290.309508,0.0
21.0,21.0,-456.231596,0.0
24.0,21.0,-486.759132,0.0
27.0,21.0,-447.308526,0.0
30.0,21.0,-176.222848,0.0
33.0,21.0,-147.955052,0.0
36.0,21.0,-216.303425,0.0
39.0,21.0,-288.939539,0.0
42.0,21.0,-402.391032,0.0
45.0,21.0,-353.304684,0.0
48.0,21.0,-321.504155,0.0
51.0,21.0,-364.556441,0.0
54.0,21.0,-276.409628,0.0
57.0,21.0,-726.17825,0.0
60.0,21.0,-621.252247,0.0
63.0,21.0,-483.194716,0.0
66.0,21.0,-442.827688,0.0
69.0,21.0,100.290889,0.0
72.0,21.0,44.478885,0.0
75.0,21.0,-106.920142,3.0
78.0,21.0,-31.102381,3.0
81.0,21.0,-143.537566,3.0
84.0,21.0,73.286452,3.0
87.0,21.0,-36.943372,3.0
90.0,21.0,-47.823656,3.0
93.0,21.0,86.561398,3.0
96.0,21.0,-12.406264,3.0
99.0,21.0,-53.26916,3.0
102.0,21.0,-378.845719,3.0
105.0,21.0,-32.591743,3.0
108.0,21.0,-481.743504,3.0
111.0,21.0,-548.878506,3.0
114.0,21.0,-359.418493,3.0
117.0,21.0,-293.960189,3.0
120.0,21.0,-726.972062,3.0
123.0,21.0,-814.699427,3.0
126.0,21.0,-682.625202,3.0
129.0,21.0,-275.383479,3.0
132.0,21.0,358.808683,1.0
135.0,21.0,363.337703,1.0
138.0,21.0,42.175888,1.0
141.0,21.0,-146.045882,1.0
144.0,21.0,117.911583,1.0
147.0,21.0,-208.855722,1.0
150.0,21.0,-408.576628,1.0
153.0,21.0,-535.128718,1.0
156.0,21.0,-284.282313,1.0
159.0,21.0,370.684052,1.0
162.0,21.0,80.847321,1.0
165.0,21.0,188.049914,1.0
168.0,21.0,-18.125505,2.0
171.0,21.0,-276.170464,2.0
174.0,21.0,-331.516816,2.0
177.0,21.0,-358.881812,2.0
180.0,21.0,-546.349228,2.0
183.0,21.0,-129.782393,2.0
186.0,21.0,22.925335,2.0
189.0,21.0,491.305188,2.0
192.0,21.0,1064.089442,2.0
195.0,21.0,1235.872049,2.0
198.0,21.0,305.649078,2.0
2.0,22.0,-171.288132,0.0
5.0,22.0,-169.799995,0.0
8.0,22.0,-198.368026,0.0
11.0,22.0,-158.867754,0.0
14.0,22.0,-5.962457,0.0
17.0,22.0,-292.529376,0.0
20.0,22.0,-257.517032,0.0
23.0,22.0,-519.573366,0.0
26.0,22.0,-384.926289,0.0
29.0,22.0,-265.271109,0.0
32.0,22.0,-208.208136,0.0
35.0,22.0,-226.008721,0.0
38.0,22.0,-177.226406,0.0
41.0,22.0,-428.132024,0.0
44.0,22.0,-324.799587,0.0
47.0,22.0,-362.179634,0.0
50.0,22.0,-454.965795,0.0
53.0,22.0,-223.611728,0.0
56.0,22.0,-510.841628,0.0
59.0,22.0,-722.953551,0.0
62.0,22.0,-558.445171,0.0
65.0,22.0,-562.428574,0.0
68.0,22.0,-287.002449,0.0
71.0,22.0,83.018792,0.0
74.0,22.0,-107.020871,3.0
77.0,22.0,-14.614085,3.0
80.0,22.0,-53.411297,3.0
83.0,22.0,-130.50216,3.0
86.0,22.0,-126.96406,3.0
89.0,22.0,83.847557,3.0
92.0,22.0,131.348679,3.0
95.0,22.0,-0.921885,3.0
98.0,22.0,-59.312359,3.0
101.0,22.0,-309.977914,3.0
104.0,22.0,141.493207,3.0
107.0,22.0,-303.034234,3.0
110.0,22.0,-506.267047,3.0
113.0,22.0,-496.88446,3.0
116.0,22.0,-149.517565,3.0
119.0,22.0,-570.132972,3.0
122.0,22.0,-952.961119,3.0
125.0,22.0,-647.047525,3.0
128.0,22.0,-510.320754,3.0
131.0,22.0,-30.372821,1.0
134.0,22.0,359.26963,1.0
137.0,22.0,182.603465,1.0
140.0,22.0,-240.087467,1.0
143.0,22.0,-168.265697,1.0
146.0,22.0,-227.703077,1.0
149.0,22.0,-212.38921,1.0
152.0,22.0,-415.393539,1.0
155.0,22.0,-543.276397,1.0
158.0,22.0,13.72172,1.0
161.0,22.0,247.280609,1.0
164.0,22.0,140.251067,1.0
167.0,22.0,-39.831488,2.0
170.0,22.0,-110.741259,2.0
173.0,22.0,-285.499701,2.0
176.0,22.0,-46.421818,2.0
179.0,22.0,-311.142604,2.0
182.0,22.0,-242.10101,2.0
185.0,22.0,86.41039,2.0
188.0,22.0,77.202473,2.0
191.0,22.0,799.525335,2.0
194.0,22.0,1463.026223,2.0
197.0,22.0,631.896479,2.0
1.0,23.0,-162.720194,0.0
4.0,23.0,-258.711682,0.0
7.0,23.0,-162.457439,0.0
10.0,23.0,-287.792499,0.0
13.0,23.0,-50.02165,0.0
16.0,23.0,-75.759429,0.0
19.0,23.0,-131.163315,0.0
22.0,23.0,-412.457945,0.0
25.0,23.0,-519.258586,0.0
28.0,23.0,-257.055697,0.0
31.0,23.0,-146.370053,0.0
34.0,23.0,-270.322132,0.0
37.0,23.0,-103.12224,0.0
40.0,23.0,-348.933661,0.0
43.0,23.0,-412.287871,0.0
46.0,23.0,-280.3035,0.0
49.0,23.0,-356.27327,0.0
52.0,23.0,-305.274878,0.0
55.0,23.0,-363.044874,0.0
58.0,23.0,-735.589555,0.0
61.0,23.0,-622.803919,0.0
64.0,23.0,-505.863273,0.0
67.0,23.0,-526.852776,0.0
70.0,23.0,-87.813896,0.0
73.0,23.0,-18.654912,0.0
76.0,23.0,-171.959454,3.0
79.0,23.0,-123.574717,3.0
82.0,23.0,-300.368845,3.0
85.0,23.0,-277.23251,3.0
88.0,23.0,-75.603772,3.0
91.0,23.0,342.563578,3.0
94.0,23.0,7.976543,3.0
97.0,23.0,-76.869613,3.0
100.0,23.0,-181.98495,3.0
103.0,23.0,55.602258,3.0
106.0,23.0,-50.841957,3.0
109.0,23.0,-422.358918,3.0
112.0,23.0,-618.559006,3.0
115.0,23.0,-221.411534,3.0
118.0,23.0,-340.2449,3.0
121.0,23.0,-990.278059,3.0
124.0,23.0,-630.420456,3.0
127.0,23.0,-654.645922,3.0
130.0,23.0,-462.521768,1.0
133.0,23.0,-12.341728,1.0
136.0,23.0,303.384,1.0
139.0,23.0,-70.331212,1.0
142.0,23.0,-326.813895,1.0
145.0,23.0,-357.803963,1.0
148.0,23.0,-437.117,1.0
151.0,23.0,-332.818612,1.0
154.0,23.0,-494.803892,1.0
157.0,23.0,-215.919289,1.0
160.0,23.0,156.950189,1.0
163.0,23.0,329.259005,1.0
166.0,23.0,158.907369,2.0
169.0,23.0,-255.470906,2.0
172.0,23.0,-60.945941,2.0
175.0,23.0,-84.88211,2.0
178.0,23.0,-34.890921,2.0
181.0,23.0,-150.476901,2.0
184.0,23.0,-69.555845,2.0
187.0,23.0,-17.168835,2.0
190.0,23.0,463.850861,2.0
193.0,23.0,1104.977525,2.0
196.0,23.0,866.22851,2.0
199.0,23.0,19.244247,2.0
0.0,24.0,-45.332914,0.0
3.0,24.0,-321.193028,0.0
6.0,24.0,-243.772439,0.0
9.0,24.0,-228.204547,0.0
12.0,24.0,-162.663153,0.0
15.0,24.0,29.673094,0.0
18.0,24.0,1.335205,0.0
21.0,24.0,-238.059646,0.0
24.0,24.0,-580.906993,0.0
27.0,24.0,-341.351594,0.0
30.0,24.0,-37.178263,0.0
33.0,24.0,-264.313981,0.0
36.0,24.0,-241.941625,0.0
39.0,24.0,-312.930238,0.0
42.0,24.0,-409.707544,0.0
45.0,24.0,-288.516988,0.0
48.0,24.0,-209.105981,0.0
51.0,24.0,-353.984822,0.0
54.0,24.0,-261.169676,0.0
57.0,24.0,-699.385731,0.0
60.0,24.0,-618.346415,0.0
63.0,24.0,-430.132297,0.0
66.0,24.0,-639.737027,0.0
69.0,24.0,-346.797369,0.0
72.0,24.0,6.449456,0.0
75.0,24.0,-138.799574,3.0
78.0,24.0,-230.706382,3.0
81.0,24.0,-333.103686,3.0
84.0,24.0,-311.601691,3.0
87.0,24.0,-277.513253,3.0
90.0,24.0,350.031327,3.0
93.0,24.0,83.798877,3.0
96.0,24.0,-125.870372,3.0
99.0,24.0,-242.67626,3.0
102.0,24.0,-71.323438,3.0
105.0,24.0,183.38943,3.0
108.0,24.0,-206.539296,3.0
111.0,24.0,-501.776126,3.0
114.0,24.0,-290.725367,3.0
117.0,24.0,-233.458644,3.0
120.0,24.0,-950.939812,3.0
123.0,24.0,-628.214951,3.0
126.0,24.0,-683.622139,3.0
129.0,24.0,-509.177167,3.0
132.0,24.0,-261.592948,1.0
135.0,24.0,79.764576,1.0
138.0,24.0,406.094361,1.0
141.0,24.0,-141.777605,1.0
144.0,24.0,-490.005829,1.0
147.0,24.0,-597.620256,1.0
150.0,24.0,-456.346978,1.0
153.0,24.0,-329.474508,1.0
156.0,24.0,-416.154755,1.0
159.0,24.0,-218.59203,1.0
162.0,24.0,400.165733,1.0
165.0,24.0,454.23828,2.0
168.0,24.0,-202.860804,2.0
171.0,24.0,-78.251771,2.0
174.0,24.0,-65.676764,2.0
177.0,24.0,8.006128,2.0
180.0,24.0,-33.678497,2.0
183.0,24.0,-42.864505,2.0
186.0,24.0,-63.677052,2.0
189.0,24.0,63.742368,2.0
192.0,24.0,626.784468,2.0
195.0,24.0,833.295879,2.0
198.0,24.0,288.735913,2.0
2.0,25.0,-320.442834,0.0
5.0,25.0,-239.82051,0.0
8.0,25.0,-297.691267,0.0
11.0,25.0,-76.832725,0.0
14.0,25.0,26.029887,0.0
17.0,25.0,72.434031,0.0
20.0,25.0,-115.923132,0.0
23.0,25.0,-477.075569,0.0
26.0,25.0,-481.777471,0.0
29.0,25.0,-25.358981,0.0
32.0,25.0,-222.028977,0.0
35.0,25.0,-328.182416,0.0
38.0,25.0,-321.434025,0.0
41.0,25.0,-349.781507,0.0
44.0,25.0,-390.340272,0.0
47.0,25.0,-133.036066,0.0
50.0,25.0,-301.203656,0.0
53.0,25.0,-168.318165,0.0
56.0,25.0,-633.515029,0.0
59.0,25.0,-650.733743,0.0
62.0,25.0,-516.477135,0.0
65.0,25.0,-582.013876,0.0
68.0,25.0,-529.697514,0.0
71.0,25.0,-150.466189,0.0
74.0,25.0,9.01461,3.0
77.0,25.0,-287.225873,3.0
80.0,25.0,-251.22653,3.0
83.0,25.0,-378.584769,3.0
86.0,25.0,-497.216247,3.0
89.0,25.0,229.408205,3.0
92.0,25.0,177.899827,3.0
95.0,25.0,-179.204488,3.0
98.0,25.0,-288.605084,3.0
101.0,25.0,-194.636819,3.0
104.0,25.0,298.065745,3.0
107.0,25.0,-66.167331,3.0
110.0,25.0,-445.118569,3.0
113.0,25.0,-325.695607,3.0
116.0,25.0,-208.797653,3.0
119.0,25.0,-754.847915,3.0
122.0,25.0,-688.875269,3.0
125.0,25.0,-566.012765,3.0
128.0,25.0,-440.889593,3.0
131.0,25.0,-314.828407,1.0
134.0,25.0,-231.750774,1.0
137.0,25.0,524.398548,1.0
140.0,25.0,366.552605,1.0
143.0,25.0,-267.173672,1.0
146.0,25.0,-593.663848,1.0
149.0,25.0,-744.81772,1.0
152.0,25.0,-420.180529,1.0
155.0,25.0,-246.635095,1.0
158.0,25.0,-248.244182,1.0
161.0,25.0,230.09698,1.0
164.0,25.0,595.190039,2.0
167.0,25.0,460.349489,2.0
170.0,25.0,-45.773154,2.0
173.0,25.0,151.593098,2.0
176.0,25.0,-191.6031,2.0
179.0,25.0,-177.241247,2.0
182.0,25.0,24.897889,2.0
185.0,25.0,-376.087615,2.0
188.0,25.0,-224.474136,2.0
191.0,25.0,204.250803,2.0
194.0,25.0,612.557876,2.0
197.0,25.0,422.635919,2.0
1.0,26.0,-248.235908,0.0
4.0,26.0,-373.537063,0.0
7.0,26.0,-418.586694,0.0
10.0,26.0,-72.498732,0.0
13.0,26.0,27.477191,0.0
16.0,26.0,133.834797,0.0
19.0,26.0,-42.347195,0.0
22.0,26.0,-343.832834,0.0
25.0,26.0,-488.218903,0.0
28.0,26.0,-174.427611,0.0
31.0,26.0,-319.439907,0.0
34.0,26.0,-414.159746,0.0
37.0,26.0,-349.85484,0.0
40.0,26.0,-259.187131,0.0
43.0,26.0,-507.251526,0.0
46.0,26.0,-213.47975,0.0
49.0,26.0,-325.192007,0.0
52.0,26.0,-155.337884,0.0
55.0,26.0,-456.853006,0.0
58.0,26.0,-743.607536,0.0
61.0,26.0,-570.480898,0.0
64.0,26.0,-479.611084,0.0
67.0,26.0,-487.90726,0.0
70.0,26.0,-377.298477,0.0
73.0,26.0,-65.202534,0.0
76.0,26.0,-307.547403,3.0
79.0,26.0,-237.00679,3.0
82.0,26.0,-427.265625,3.0
85.0,26.0,-611.967711,3.0
88.0,26.0,194.50049,3.0
91.0,26.0,317.021359,3.0
94.0,26.0,-205.022598,3.0
97.0,26.0,-188.963611,3.0
100.0,26.0,-105.148108,3.0
103.0,26.0,333.075102,3.0
106.0,26.0,-19.622176,3.0
109.0,26.0,-358.184654,3.0
112.0,26.0,-479.225128,3.0
115.0,26.0,-212.927885,3.0
118.0,26.0,-479.46352,3.0
121.0,26.0,-820.83168,3.0
124.0,26.0,-517.194822,3.0
127.0,26.0,-446.578334,3.0
130.0,26.0,-341.880347,1.0
133.0,26.0,-387.604275,1.0
136.0,26.0,117.482617,1.0
139.0,26.0,626.3495,1.0
142.0,26.0,77.59303,1.0
145.0,26.0,-270.25649,1.0
148.0,26.0,-820.112035,1.0
151.0,26.0,-531.294207,1.0
154.0,26.0,-364.77283,1.0
157.0,26.0,-239.323678,1.0
160.0,26.0,52.591428,1.0
163.0,26.0,583.506076,1.0
166.0,26.0,905.939149,2.0
169.0,26.0,661.589251,2.0
172.0,26.0,195.838983,2.0
175.0,26.0,-24.534481,2.0
178.0,26.0,-212.342187,2.0
181.0,26.0,-139.95112,2.0
184.0,26.0,-393.369794,2.0
187.0,26.0,-317.12089,2.0
190.0,26.0,-106.685388,2.0
193.0,26.0,490.674546,2.0
196.0,26.0,436.235227,2.0
199.0,26.0,-133.772695,2.0
0.0,27.0,-303.373475,0.0
3.0,27.0,-429.58776,0.0
6.0,27.0,-396.241319,0.0
9.0,27.0,-350.167985,0.0
12.0,27.0,-82.724151,0.0
15.0,27.0,186.721882,0.0
18.0,27.0,25.352938,0.0
21.0,27.0,-260.585709,0.0
24.0,27.0,-518.176968,0.0
27.0,27.0,-337.238024,0.0
30.0,27.0,-387.403562,0.0
33.0,27.0,-542.031159,0.0
36.0,27.0,-424.752827,0.0
39.0,27.0,-226.743991,0.0
42.0,27.0,-442.354202,0.0
45.0,27.0,-232.93662,0.0
48.0,27.0,-260.382907,0.0
51.0,27.0,-298.391332,0.0
54.0,27.0,-298.385323,0.0
57.0,27.0,-665.659874,0.0
60.0,27.0,-540.654368,0.0
63.0,27.0,-408.097305,0.0
66.0,27.0,-396.856302,0.0
69.0,27.0,-466.521131,0.0
72.0,27.0,-278.411923,0.0
75.0,27.0,-346.565248,3.0
78.0,27.0,-187.851289,3.0
81.0,27.0,-468.414485,3.0
84.0,27.0,-566.55516,3.0
87.0,27.0,-106.796393,3.0
90.0,27.0,436.009648,3.0
93.0,27.0,13.779019,3.0
96.0,27.0,-79.206541,3.0
99.0,27.0,-90.130435,3.0
102.0,27.0,160.797149,3.0
105.0,27.0,117.287824,3.0
108.0,27.0,-345.320011,3.0
111.0,27.0,-510.602743,3.0
114.0,27.0,-379.994805,3.0
117.0,27.0,-362.211376,3.0
120.0,27.0,-757.114583,3.0
123.0,27.0,-517.65069,3.0
126.0,27.0,-461.919153,3.0
129.0,27.0,-369.257,3.0
132.0,27.0,-342.819724,1.0
135.0,27.0,-153.481863,1.0
138.0,27.0,384.229925,1.0
141.0,27.0,476.565281,1.0
144.0,27.0,-192.059193,1.0
147.0,27.0,-539.528777,1.0
150.0,27.0,-617.648097,1.0
153.0,27.0,-457.57561,1.0
156.0,27.0,-410.992152,1.0
159.0,27.0,-122.484494,1.0
162.0,27.0,335.749875,1.0
165.0,27.0,871.917634,2.0
168.0,27.0,1117.761564,2.0
171.0,27.0,696.51817,2.0
174.0,27.0,379.181783,2.0
177.0,27.0,-117.9248,2.0
180.0,27.0,-206.621591,2.0
183.0,27.0,-285.080469,2.0
186.0,27.0,-419.735631,2.0
189.0,27.0,-125.747662,2.0
192.0,27.0,265.112881,2.0
195.0,27.0,522.210871,2.0
198.0,27.0,-65.089647,2.0
2.0,28.0,-357.355453,0.0
5.0,28.0,-404.210352,0.0
8.0,28.0,-456.665856,0.0
11.0,28.0,-271.012556,0.0
14.0,28.0,152.080919,0.0
17.0,28.0,134.739324,0.0
20.0,28.0,-255.001717,0.0
23.0,28.0,-448.085781,0.0
26.0,28.0,-539.635839,0.0
29.0,28.0,-422.206776,0.0
32.0,28.0,-616.112077,0.0
35.0,28.0,-514.519127,0.0
38.0,28.0,-336.778049,0.0
41.0,28.0,-380.490519,0.0
44.0,28.0,-234.535526,0.0
47.0,28.0,-286.334585,0.0
50.0,28.0,-496.707996,0.0
53.0,28.0,-263.504357,0.0
56.0,28.0,-416.322832,0.0
59.0,28.0,-427.056906,0.0
62.0,28.0,-289.838261,0.0
65.0,28.0,-348.207853,0.0
68.0,28.0,-426.439242,0.0
71.0,28.0,-406.674575,0.0
74.0,28.0,-443.489264,3.0
77.0,28.0,-277.431884,3.0
80.0,28.0,-259.560976,3.0
83.0,28.0,-390.835446,3.0
86.0,28.0,-456.025535,3.0
89.0,28.0,527.185665,3.0
92.0,28.0,270.343507,3.0
95.0,28.0,-139.523974,3.0
98.0,28.0,-216.44948,3.0
101.0,28.0,6.37411,3.0
104.0,28.0,285.546438,3.0
107.0,28.0,-387.929058,3.0
110.0,28.0,-463.983898,3.0
113.0,28.0,-504.300435,3.0
116.0,28.0,-409.95332,3.0
119.0,28.0,-458.20792,3.0
122.0,28.0,-543.514845,3.0
125.0,28.0,-470.404543,3.0
128.0,28.0,-243.029195,3.0
131.0,28.0,-332.600989,1.0
134.0,28.0,-271.466972,1.0
137.0,28.0,-75.229475,1.0
140.0,28.0,430.52681,1.0
143.0,28.0,188.347311,1.0
146.0,28.0,-307.154854,1.0
149.0,28.0,-499.783321,1.0
152.0,28.0,-441.487354,1.0
155.0,28.0,-469.369671,1.0
158.0,28.0,-387.570811,1.0
161.0,28.0,90.011418,1.0
164.0,28.0,737.439177,2.0
167.0,28.0,797.360274,2.0
170.0,28.0,1196.91993,2.0
173.0,28.0,806.242163,2.0
176.0,28.0,208.111794,2.0
179.0,28.0,-134.959597,2.0
182.0,28.0,18.33633,2.0
185.0,28.0,-489.410462,2.0
188.0,28.0,-228.000316,2.0
191.0,28.0,-52.682076,2.0
194.0,28.0,502.00515,2.0
197.0,28.0,120.758073,2.0
1.0,29.0,-358.582307,0.0
4.0,29.0,-408.484795,0.0
7.0,29.0,-459.049162,0.0
10.0,29.0,-477.628389,0.0
13.0,29.0,5.931995,0.0
16.0,29.0,202.266953,0.0
19.0,29.0,-111.101095,0.0
22.0,29.0,-287.28363,0.0
25.0,29.0,-579.394237,0.0
28.0,29.0,-488.17974,0.0
31.0,29.0,-612.649401,0.0
34.0,29.0,-564.751154,0.0
37.0,29.0,-426.800311,0.0
40.0,29.0,-422.397467,0.0
43.0,29.0,-283.553981,0.0
46.0,29.0,-333.177597,0.0
49.0,29.0,-584.865085,0.0
52.0,29.0,-375.71049,0.0
55.0,29.0,-194.733667,0.0
58.0,29.0,-304.431201,0.0
61.0,29.0,-285.877564,0.0
64.0,29.0,-336.651208,0.0
67.0,29.0,-430.5804,0.0
70.0,29.0,-482.304062,0.0
73.0,29.0,-515.941006,3.0
76.0,29.0,-437.710721,3.0
79.0,29.0,-161.160383,3.0
82.0,29.0,-449.598363,3.0
85.0,29.0,-585.348053,3.0
88.0,29.0,537.987762,3.0
91.0,29.0,374.473564,3.0
94.0,29.0,-127.970834,3.0
97.0,29.0,-189.802376,3.0
100.0,29.0,-33.5408,3.0
103.0,29.0,410.506155,3.0
106.0,29.0,-276.773623,3.0
109.0,29.0,-489.972109,3.0
112.0,29.0,-542.970275,3.0
115.0,29.0,-480.542882,3.0
118.0,29.0,-266.265319,3.0
121.0,29.0,-575.308437,3.0
124.0,29.0,-450.48761,3.0
127.0,29.0,-329.610403,3.0
130.0,29.0,-216.665219,1.0
133.0,29.0,-219.131889,1.0
136.0,29.0,-247.610789,1.0
139.0,29.0,-96.341187,1.0
142.0,29.0,455.288755,1.0
145.0,29.0,31.915684,1.0
148.0,29.0,-396.545119,1.0
151.0,29.0,-262.118304,1.0
154.0,29.0,-455.176474,1.0
157.0,29.0,-421.632962,1.0
160.0,29.0,-360.843721,1.0
163.0,29.0,327.993982,2.0
166.0,29.0,509.301574,2.0
169.0,29.0,807.21851,2.0
172.0,29.0,957.218129,2.0
175.0,29.0,529.27462,2.0
178.0,29.0,30.708972,2.0
181.0,29.0,1.862553,2.0
184.0,29.0,-308.383133,2.0
187.0,29.0,-395.746352,2.0
190.0,29.0,-207.168233,2.0
193.0,29.0,58.916232,2.0
196.0,29.0,167.42994,2.0
199.0,29.0,-241.046478,2.0
0.0,30.0,-422.404952,0.0
3.0,30.0,-397.434762,0.0
6.0,30.0,-411.261338,0.0
9.0,30.0,-525.830523,0.0
12.0,30.0,-117.156184,0.0
15.0,30.0,78.256285,0.0
18.0,30.0,185.82603,0.0
21.0,30.0,-152.820323,0.0
24.0,30.0,-489.344732,0.0
27.0,30.0,-640.93439,0.0
30.0,30.0,-423.623501,0.0
33.0,30.0,-538.400946,0.0
36.0,30.0,-512.701498,0.0
39.0,30.0,-394.386962,0.0
42.0,30.0,-323.229335,0.0
45.0,30.0,-401.51809,0.0
48.0,30.0,-603.552665,0.0
51.0,30.0,-392.479214,0.0
54.0,30.0,-206.048109,0.0
57.0,30.0,-161.011499,0.0
60.0,30.0,-108.346004,0.0
63.0,30.0,-291.277148,0.0
66.0,30.0,-450.097283,0.0
69.0,30.0,-528.756036,0.0
72.0,30.0,-556.845039,0.0
75.0,30.0,-580.885587,3.0
78.0,30.0,-232.127087,3.0
81.0,30.0,-546.171413,3.0
84.0,30.0,-592.771736,3.0
87.0,30.0,336.58834,3.0
90.0,30.0,581.501785,3.0
93.0,30.0,-62.113822,3.0
96.0,30.0,-208.526312,3.0
99.0,30.0,-117.362147,3.0
102.0,30.0,284.447179,3.0
105.0,30.0,-102.034598,3.0
108.0,30.0,-522.486555,3.0
111.0,30.0,-622.07306,3.0
114.0,30.0,-544.436339,3.0
117.0,30.0,-227.968619,3.0
120.0,30.0,-392.652351,3.0
123.0,30.0,-443.781848,3.0
126.0,30.0,-397.709377,3.0
129.0,30.0,-51.390467,3.0
132.0,30.0,-85.738728,1.0
135.0,30.0,-237.75221,1.0
138.0,30.0,-445.351261,1.0
141.0,30.0,34.208894,1.0
144.0,30.0,334.109299,1.0
147.0,30.0,-291.783956,1.0
150.0,30.0,-281.743282,1.0
153.0,30.0,-213.010905,1.0
156.0,30.0,-181.924473,1.0
159.0,30.0,-288.841147,1.0
162.0,30.0,-16.82969,1.0
165.0,30.0,394.094767,2.0
168.0,30.0,302.636193,2.0
171.0,30.0,559.393812,2.0
174.0,30.0,733.465461,2.0
177.0,30.0,63.382799,2.0
180.0,30.0,-90.278971,2.0
183.0,30.0,-211.849353,2.0
186.0,30.0,-405.271496,2.0
189.0,30.0,-421.670103,2.0
192.0,30.0,-334.496938,2.0
195.0,30.0,-20.329139,2.0
198.0,30.0,-245.80797,2.0
2.0,31.0,-428.862663,0.0
5.0,31.0,-440.661083,0.0
8.0,31.0,-516.931309,0.0
11.0,31.0,-234.031051,0.0
14.0,31.0,146.521802,0.0
17.0,31.0,284.20484,0.0
20.0,31.0,71.296895,0.0
23.0,31.0,-346.989902,0.0
26.0,31.0,-670.902954,0.0
29.0,31.0,-402.731512,0.0
32.0,31.0,-413.768777,0.0
35.0,31.0,-489.674256,0.0
38.0,31.0,-280.458949,0.0
41.0,31.0,-361.304877,0.0
44.0,31.0,-433.121635,0.0
47.0,31.0,-585.582043,0.0
50.0,31.0,-460.42983,0.0
53.0,31.0,-265.731753,0.0
56.0,31.0,-76.975614,0.0
59.0,31.0,51.980579,0.0
62.0,31.0,-119.711017,0.0
65.0,31.0,-431.297552,0.0
68.0,31.0,-575.293017,0.0
71.0,31.0,-676.340752,0.0
74.0,31.0,-695.873689,3.0
77.0,31.0,-380.406202,3.0
80.0,31.0,-575.920286,3.0
83.0,31.0,-515.516777,3.0
86.0,31.0,-118.266481,3.0
89.0,31.0,775.228127,3.0
92.0,31.0,184.659012,3.0
95.0,31.0,-202.773244,3.0
98.0,31.0,-205.251583,3.0
101.0,31.0,75.653752,3.0
104.0,31.0,156.14184,3.0
107.0,31.0,-518.406976,3.0
110.0,31.0,-717.156842,3.0
113.0,31.0,-636.280712,3.0
116.0,31.0,-270.814732,3.0
119.0,31.0,-118.629473,3.0
122.0,31.0,-418.116359,3.0
125.0,31.0,-313.106685,3.0
128.0,31.0,-120.740486,3.0
131.0,31.0,163.320697,1.0
134.0,31.0,-75.189991,1.0
137.0,31.0,-213.335339,1.0
140.0,31.0,-362.479515,1.0
143.0,31.0,237.037282,1.0
146.0,31.0,41.871159,1.0
149.0,31.0,-425.363403,1.0
152.0,31.0,60.367192,1.0
155.0,31.0,72.353156,1.0
158.0,31.0,47.149144,1.0
161.0,31.0,-209.50633,1.0
164.0,31.0,188.229397,2.0
167.0,31.0,122.917506,2.0
170.0,31.0,458.321718,2.0
173.0,31.0,538.819358,2.0
176.0,31.0,200.710476,2.0
179.0,31.0,-101.145117,2.0
182.0,31.0,-258.494856,2.0
185.0,31.0,-231.56954,2.0
188.0,31.0,-379.170687,2.0
191.0,31.0,-417.897196,2.0
194.0,31.0,-259.137788,2.0
197.0,31.0,-302.128836,2.0
1.0,32.0,-597.083681,0.0
4.0,32.0,-550.483778,0.0
7.0,32.0,-504.608614,0.0
10.0,32.0,-323.627403,0.0
13.0,32.0,267.093886,0.0
16.0,32.0,269.983508,0.0
19.0,32.0,299.499763,0.0
22.0,32.0,-247.283478,0.0
25.0,32.0,-588.982833,0.0
28.0,32.0,-650.552379,0.0
31.0,32.0,-410.388846,0.0
34.0,32.0,-366.430894,0.0
37.0,32.0,-336.567851,0.0
40.0,32.0,-295.742309,0.0
43.0,32.0,-380.476426,0.0
46.0,32.0,-569.830114,0.0
49.0,32.0,-520.967566,0.0
52.0,32.0,-335.66973,0.0
55.0,32.0,-271.73658,0.0
58.0,32.0,15.59745,0.0
61.0,32.0,61.588882,0.0
64.0,32.0,-376.807708,0.0
67.0,32.0,-620.112578,0.0
70.0,32.0,-788.760309,0.0
73.0,32.0,-744.320042,3.0
76.0,32.0,-462.459819,3.0
79.0,32.0,-409.129975,3.0
82.0,32.0,-510.683855,3.0
85.0,32.0,-253.516093,3.0
88.0,32.0,760.641459,3.0
91.0,32.0,372.344535,3.0
94.0,32.0,-305.342182,3.0
97.0,32.0,-74.48651,3.0
100.0,32.0,-31.59234,3.0
103.0,32.0,174.722962,3.0
106.0,32.0,-357.499059,3.0
109.0,32.0,-657.983587,3.0
112.0,32.0,-656.443505,3.0
115.0,32.0,-364.400683,3.0
118.0,32.0,150.390885,3.0
121.0,32.0,-479.449833,3.0
124.0,32.0,-254.164333,3.0
127.0,32.0,-211.527696,3.0
130.0,32.0,188.264087,1.0
133.0,32.0,359.215302,1.0
136.0,32.0,-70.809208,1.0
139.0,32.0,-368.912032,1.0
142.0,32.0,-12.093309,1.0
145.0,32.0,106.524591,1.0
148.0,32.0,-119.058951,1.0
151.0,32.0,-146.146782,1.0
154.0,32.0,142.221146,1.0
157.0,32.0,191.7247,1.0
160.0,32.0,19.477016,1.0
163.0,32.0,160.210568,2.0
166.0,32.0,118.711872,2.0
169.0,32.0,89.840104,2.0
172.0,32.0,322.196347,2.0
175.0,32.0,200.483953,2.0
178.0,32.0,-324.885653,2.0
181.0,32.0,-271.913969,2.0
184.0,32.0,-72.855534,2.0
187.0,32.0,-358.21969,2.0
190.0,32.0,-502.783364,2.0
193.0,32.0,-317.1099,2.0
196.0,32.0,-280.159372,2.0
199.0,32.0,-334.304391,2.0
0.0,33.0,-619.820859,0.0
3.0,33.0,-561.503917,0.0
6.0,33.0,-546.226852,0.0
9.0,33.0,-376.322771,0.0
12.0,33.0,197.62996,0.0
15.0,33.0,293.923152,0.0
18.0,33.0,358.004948,0.0
21.0,33.0,-76.188874,0.0
24.0,33.0,-562.108416,0.0
27.0,33.0,-733.076771,0.0
30.0,33.0,-510.054011,0.0
33.0,33.0,-308.006323,0.0
36.0,33.0,-389.109891,0.0
39.0,33.0,-190.684296,0.0
42.0,33.0,-236.103073,0.0
45.0,33.0,-503.916412,0.0
48.0,33.0,-494.685861,0.0
51.0,33.0,-420.82311,0.0
54.0,33.0,-329.087425,0.0
57.0,33.0,37.933101,0.0
60.0,33.0,-57.310513,0.0
63.0,33.0,-235.673731,0.0
66.0,33.0,-594.667759,0.0
69.0,33.0,-735.975231,0.0
72.0,33.0,-785.949854,0.0
75.0,33.0,-558.27766,3.0
78.0,33.0,-391.741657,3.0
81.0,33.0,-511.475605,3.0
84.0,33.0,-338.444574,3.0
87.0,33.0,564.492056,3.0
90.0,33.0,557.64836,3.0
93.0,33.0,-152.627207,3.0
96.0,33.0,-42.59554,3.0
99.0,33.0,44.682694,3.0
102.0,33.0,229.352682,3.0
105.0,33.0,-130.31527,3.0
108.0,33.0,-577.141664,3.0
111.0,33.0,-705.210228,3.0
114.0,33.0,-460.365472,3.0
117.0,33.0,134.971409,3.0
120.0,33.0,-330.321671,3.0
123.0,33.0,-116.826297,3.0
126.0,33.0,-124.094969,3.0
129.0,33.0,-48.302352,3.0
132.0,33.0,290.652014,1.0
135.0,33.0,128.167526,1.0
138.0,33.0,-402.429073,1.0
141.0,33.0,-287.153781,1.0
144.0,33.0,-68.273387,1.0
147.0,33.0,-213.834701,1.0
150.0,33.0,-163.812719,1.0
153.0,33.0,201.231247,1.0
156.0,33.0,207.710328,1.0
159.0,33.0,250.404484,1.0
162.0,33.0,223.895158,2.0
165.0,33.0,187.562326,2.0
168.0,33.0,-88.109779,2.0
171.0,33.0,106.04325,2.0
174.0,33.0,91.507713,2.0
177.0,33.0,-403.148485,2.0
180.0,33.0,-353.853642,2.0
183.0,33.0,-120.314542,2.0
186.0,33.0,-298.15579,2.0
189.0,33.0,-467.436958,2.0
192.0,33.0,-304.807247,2.0
195.0,33.0,-315.955037,2.0
198.0,33.0,-268.753752,2.0
2.0,34.0,-632.221237,0.0
5.0,34.0,-558.394801,0.0
8.0,34.0,-523.401934,0.0
11.0,34.0,129.248225,0.0
14.0,34.0,353.171007,0.0
17.0,34.0,294.27785,0.0
20.0,34.0,43.00893,0.0
23.0,34.0,-502.452699,0.0
26.0,34.0,-645.339269,0.0
29.0,34.0,-497.198269,0.0
32.0,34.0,-345.671063,0.0
35.0,34.0,-415.160412,0.0
38.0,34.0,-312.905135,0.0
41.0,34.0,-155.640367,0.0
44.0,34.0,-332.880295,0.0
47.0,34.0,-525.041335,0.0
50.0,34.0,-526.271202,0.0
53.0,34.0,-418.842141,0.0
56.0,34.0,-97.515406,0.0
59.0,34.0,27.792805,0.0
62.0,34.0,-129.698228,0.0
65.0,34.0,-411.299619,0.0
68.0,34.0,-602.794123,0.0
71.0,34.0,-702.871808,0.0
74.0,34.0,-762.151139,3.0
77.0,34.0,-374.181934,3.0
80.0,34.0,-537.197443,3.0
83.0,34.0,-372.443982,3.0
86.0,34.0,415.458045,3.0
89.0,34.0,723.653644,3.0
92.0,34.0,136.862453,3.0
95.0,34.0,-91.463134,3.0
98.0,34.0,198.410264,3.0
101.0,34.0,291.006887,3.0
104.0,34.0,-14.949019,3.0
107.0,34.0,-584.102019,3.0
110.0,34.0,-604.883488,3.0
113.0,34.0,-602.728466,3.0
116.0,34.0,66.052231,3.0
119.0,34.0,-83.387442,3.0
122.0,34.0,-190.48326,3.0
125.0,34.0,-27.433463,3.0
128.0,34.0,-238.421794,3.0
131.0,34.0,-87.561671,1.0
134.0,34.0,108.857798,1.0
137.0,34.0,-404.571397,1.0
140.0,34.0,-346.61282,1.0
143.0,34.0,-268.073281,1.0
146.0,34.0,-356.602261,1.0
149.0,34.0,-89.974792,1.0
152.0,34.0,306.109456,1.0
155.0,34.0,165.870963,1.0
158.0,34.0,249.011473,1.0
161.0,34.0,513.391747,1.0
164.0,34.0,520.814893,2.0
167.0,34.0,136.445025,2.0
170.0,34.0,-111.977593,2.0
173.0,34.0,-141.156401,2.0
176.0,34.0,-487.937422,2.0
179.0,34.0,-542.952993,2.0
182.0,34.0,-199.089849,2.0
185.0,34.0,-345.58024,2.0
188.0,34.0,-367.753584,2.0
191.0,34.0,-284.195128,2.0
194.0,34.0,-391.298806,2.0
197.0,34.0,-51.315983,2.0
1.0,35.0,-695.269003,0.0
4.0,35.0,-596.137857,0.0
7.0,35.0,-616.725995,0.0
10.0,35.0,-72.14264,0.0
13.0,35.0,272.429434,0.0
16.0,35.0,304.274742,0.0
19.0,35.0,103.226072,0.0
22.0,35.0,-407.134499,0.0
25.0,35.0,-550.574174,0.0
28.0,35.0,-485.415005,0.0
31.0,35.0,-344.977081,0.0
34.0,35.0,-409.459809,0.0
37.0,35.0,-341.638516,0.0
40.0,35.0,-67.391491,0.0
43.0,35.0,-91.813495,0.0
46.0,35.0,-417.400327,0.0
49.0,35.0,-541.065089,0.0
52.0,35.0,-515.657142,0.0
55.0,35.0,-218.762929,0.0
58.0,35.0,78.743042,0.0
61.0,35.0,64.217531,0.0
64.0,35.0,-276.799616,0.0
67.0,35.0,-556.317391,0.0
70.0,35.0,-523.865009,0.0
73.0,35.0,-674.585619,3.0
76.0,35.0,-400.119551,3.0
79.0,35.0,-498.925756,3.0
82.0,35.0,-343.652161,3.0
85.0,35.0,277.612316,3.0
88.0,35.0,835.568897,3.0
91.0,35.0,347.816075,3.0
94.0,35.0,-149.86645,3.0
97.0,35.0,113.962898,3.0
100.0,35.0,238.665169,3.0
103.0,35.0,-48.220841,3.0
106.0,35.0,-519.610382,3.0
109.0,35.0,-530.716614,3.0
112.0,35.0,-541.154751,3.0
115.0,35.0,72.908361,3.0
118.0,35.0,185.917959,3.0
121.0,35.0,-407.327937,3.0
124.0,35.0,122.716513,3.0
127.0,35.0,-238.678516,3.0
130.0,35.0,-357.16138,1.0
133.0,35.0,-319.557335,1.0
136.0,35.0,-195.902058,1.0
139.0,35.0,-398.80909,1.0
142.0,35.0,-440.494167,1.0
145.0,35.0,-380.391994,1.0
148.0,35.0,-218.115664,1.0
151.0,35.0,263.731994,1.0
154.0,35.0,356.509832,1.0
157.0,35.0,272.841764,1.0
160.0,35.0,658.95071,1.0
163.0,35.0,994.106353,2.0
166.0,35.0,566.377811,2.0
169.0,35.0,204.11796,2.0
172.0,35.0,-250.912545,2.0
175.0,35.0,-481.602087,2.0
178.0,35.0,-661.784446,2.0
181.0,35.0,-405.170193,2.0
184.0,35.0,-288.92728,2.0
187.0,35.0,-413.12819,2.0
190.0,35.0,-483.040689,2.0
193.0,35.0,-351.680055,2.0
196.0,35.0,126.096974,2.0
199.0,35.0,-23.254661,2.0
0.0,36.0,-536.624651,0.0
3.0,36.0,-728.866974,0.0
6.0,36.0,-641.00003,0.0
9.0,36.0,-361.40447,0.0
12.0,36.0,206.270598,0.0
15.0,36.0,347.582715,0.0
18.0,36.0,200.011605,0.0
21.0,36.0,-280.565973,0.0
24.0,36.0,-466.926097,0.0
27.0,36.0,-394.026632,0.0
30.0,36.0,-326.005305,0.0
33.0,36.0,-389.526048,0.0
36.0,36.0,-437.964499,0.0
39.0,36.0,-179.47153,0.0
42.0,36.0,-13.083083,0.0
45.0,36.0,-256.164994,0.0
48.0,36.0,-485.093592,0.0
51.0,36.0,-402.140597,0.0
54.0,36.0,-253.799936,0.0
57.0,36.0,-53.542541,0.0
60.0,36.0,148.565363,0.0
63.0,36.0,29.590287,0.0
66.0,36.0,-388.375428,0.0
69.0,36.0,-446.369953,0.0
72.0,36.0,-530.107349,3.0
75.0,36.0,-475.870317,3.0
78.0,36.0,-356.700166,3.0
81.0,36.0,-375.019169,3.0
84.0,36.0,3.585826,3.0
87.0,36.0,814.079063,3.0
90.0,36.0,436.520879,3.0
93.0,36.0,-139.241304,3.0
96.0,36.0,-84.4204,3.0
99.0,36.0,321.875218,3.0
102.0,36.0,-14.292159,3.0
105.0,36.0,-252.38826,3.0
108.0,36.0,-542.72636,3.0
111.0,36.0,-465.610434,3.0
114.0,36.0,-183.034702,3.0
117.0,36.0,399.463957,3.0
120.0,36.0,-538.513736,3.0
123.0,36.0,-12.093632,3.0
126.0,36.0,-63.594838,3.0
129.0,36.0,-339.113444,1.0
132.0,36.0,-416.006337,1.0
135.0,36.0,-303.932994,1.0
138.0,36.0,-321.185377,1.0
141.0,36.0,-361.548563,1.0
144.0,36.0,-470.427199,1.0
147.0,36.0,-316.955913,1.0
150.0,36.0,131.724345,1.0
153.0,36.0,428.874045,1.0
156.0,36.0,258.497636,1.0
159.0,36.0,641.238561,1.0
162.0,36.0,1129.355417,2.0
165.0,36.0,1188.375553,2.0
168.0,36.0,611.932223,2.0
171.0,36.0,186.696453,2.0
174.0,36.0,-389.040968,2.0
177.0,36.0,-505.760973,2.0
180.0,36.0,-478.55348,2.0
183.0,36.0,-347.751183,2.0
186.0,36.0,-424.49747,2.0
189.0,36.0,-345.143788,2.0
192.0,36.0,-333.619033,2.0
195.0,36.0,242.071567,2.0
198.0,36.0,464.361618,2.0
2.0,37.0,-767.538982,0.0
5.0,37.0,-784.475708,0.0
8.0,37.0,-578.574532,0.0
11.0,37.0,4.047727,0.0
14.0,37.0,275.494774,0.0
17.0,37.0,374.001512,0.0
20.0,37.0,-115.575278,0.0
23.0,37.0,-382.757425,0.0
26.0,37.0,-285.440532,0.0
29.0,37.0,-427.225208,0.0
32.0,37.0,-385.239436,0.0
35.0,37.0,-407.446934,0.0
38.0,37.0,-274.904946,0.0
41.0,37.0,54.424698,0.0
44.0,37.0,-26.491899,0.0
47.0,37.0,-373.887661,0.0
50.0,37.0,-341.178571,0.0
53.0,37.0,-228.297397,0.0
56.0,37.0,-215.229408,0.0
59.0,37.0,211.018873,0.0
62.0,37.0,81.958311,0.0
65.0,37.0,-148.216653,0.0
68.0,37.0,-283.642956,0.0
71.0,37.0,-427.142278,0.0
74.0,37.0,-598.263153,3.0
77.0,37.0,-377.871783,3.0
80.0,37.0,-407.781039,3.0
83.0,37.0,-98.976752,3.0
86.0,37.0,851.736883,3.0
89.0,37.0,698.507264,3.0
92.0,37.0,-112.827717,3.0
95.0,37.0,-272.542204,3.0
98.0,37.0,519.457773,3.0
101.0,37.0,31.197706,3.0
104.0,37.0,-255.825133,3.0
107.0,37.0,-460.286773,3.0
110.0,37.0,-434.546759,3.0
113.0,37.0,-288.384,3.0
116.0,37.0,514.29021,3.0
119.0,37.0,-304.517491,3.0
122.0,37.0,-124.516177,3.0
125.0,37.0,95.865639,3.0
128.0,37.0,-178.639917,3.0
131.0,37.0,-377.572685,1.0
134.0,37.0,-502.4678,1.0
137.0,37.0,-327.817454,1.0
140.0,37.0,-440.842784,1.0
143.0,37.0,-367.385306,1.0
146.0,37.0,-466.166499,1.0
149.0,37.0,44.250992,1.0
152.0,37.0,160.901827,1.0
155.0,37.0,317.057113,1.0
158.0,37.0,546.726004,1.0
161.0,37.0,856.959076,1.0
164.0,37.0,2000.0,2.0
167.0,37.0,1024.967199,2.0
170.0,37.0,818.676466,2.0
173.0,37.0,-101.799896,2.0
176.0,37.0,-212.482329,2.0
179.0,37.0,-418.626019,2.0
182.0,37.0,-283.35182,2.0
185.0,37.0,-329.545568,2.0
188.0,37.0,25.892431,2.0
191.0,37.0,-166.050596,2.0
194.0,37.0,301.525951,2.0
197.0,37.0,510.040767,2.0
1.0,38.0,-630.219092,0.0
4.0,38.0,-758.924903,0.0
7.0,38.0,-736.868242,0.0
10.0,38.0,-301.722892,0.0
13.0,38.0,83.420853,0.0
16.0,38.0,438.764352,0.0
19.0,38.0,-57.960082,0.0
22.0,38.0,-180.980207,0.0
25.0,38.0,-258.740291,0.0
28.0,38.0,-452.174135,0.0
31.0,38.0,-438.312646,0.0
34.0,38.0,-344.649181,0.0
37.0,38.0,-335.980121,0.0
40.0,38.0,-7.68696,0.0
43.0,38.0,265.300432,0.0
46.0,38.0,-232.765981,0.0
49.0,38.0,-300.689635,0.0
52.0,38.0,-117.785405,0.0
55.0,38.0,-255.451796,0.0
58.0,38.0,111.99127,0.0
61.0,38.0,-22.420686,0.0
64.0,38.0,80.802984,0.0
67.0,38.0,-91.532002,0.0
70.0,38.0,-421.000978,0.0
73.0,38.0,-562.322957,3.0
76.0,38.0,-441.318661,3.0
79.0,38.0,-547.56157,3.0
82.0,38.0,-277.022313,3.0
85.0,38.0,899.614894,3.0
88.0,38.0,874.280725,3.0
91.0,38.0,-160.363322,3.0
94.0,38.0,-299.188174,3.0
97.0,38.0,355.84437,3.0
100.0,38.0,143.066279,3.0
103.0,38.0,-202.396757,3.0
106.0,38.0,-317.0875,3.0
109.0,38.0,-471.103104,3.0
112.0,38.0,-380.40526,3.0
115.0,38.0,414.515423,3.0
118.0,38.0,78.946262,3.0
121.0,38.0,-329.977524,3.0
124.0,38.0,101.065672,3.0
127.0,38.0,82.753053,3.0
130.0,38.0,-316.451248,1.0
133.0,38.0,-471.807082,1.0
136.0,38.0,-633.166287,1.0
139.0,38.0,-504.589838,1.0
142.0,38.0,-382.607761,1.0
145.0,38.0,-386.123927,1.0
148.0,38.0,-216.338852,1.0
151.0,38.0,-105.649774,1.0
154.0,38.0,192.62295,1.0
157.0,38.0,299.744799,1.0
160.0,38.0,687.671804,1.0
163.0,38.0,1393.274742,2.0
166.0,38.0,1685.667824,2.0
169.0,38.0,890.492774,2.0
172.0,38.0,430.115599,2.0
175.0,38.0,186.186371,2.0
178.0,38.0,-83.229452,2.0
181.0,38.0,33.473785,2.0
184.0,38.0,-207.302186,2.0
187.0,38.0,19.753915,2.0
190.0,38.0,115.848864,2.0
193.0,38.0,299.167385,2.0
196.0,38.0,647.584312,2.0
199.0,38.0,326.087562,2.0
0.0,39.0,-336.614326,0.0
3.0,39.0,-666.181502,0.0
6.0,39.0,-672.662033,0.0
9.0,39.0,-533.523441,0.0
12.0,39.0,-27.459412,0.0
15.0,39.0,418.710575,0.0
18.0,39.0,160.492358,0.0
21.0,39.0,-182.391574,0.0
24.0,39.0,-288.095312,0.0
27.0,39.0,-330.46269,0.0
30.0,39.0,-388.327131,0.0
33.0,39.0,-155.638654,0.0
36.0,39.0,-259.410569,0.0
39.0,39.0,-8.306359,0.0
42.0,39.0,343.790262,0.0
45.0,39.0,112.110772,0.0
48.0,39.0,-33.810437,0.0
51.0,39.0,-136.081532,0.0
54.0,39.0,-202.007213,0.0
57.0,39.0,-90.90407,0.0
60.0,39.0,-35.171869,0.0
63.0,39.0,86.118926,0.0
66.0,39.0,-6.349321,0.0
69.0,39.0,-314.73466,0.0
72.0,39.0,-462.128103,3.0
75.0,39.0,-537.534641,3.0
78.0,39.0,-588.762146,3.0
81.0,39.0,-340.396524,3.0
84.0,39.0,696.172821,3.0
87.0,39.0,860.667622,3.0
90.0,39.0,-102.864338,3.0
93.0,39.0,-216.824286,3.0
96.0,39.0,231.900984,3.0
99.0,39.0,257.673133,3.0
102.0,39.0,-172.514281,3.0
105.0,39.0,-274.336347,3.0
108.0,39.0,-350.228564,3.0
111.0,39.0,-518.863794,3.0
114.0,39.0,272.167293,3.0
117.0,39.0,373.189577,3.0
120.0,39.0,-391.265899,3.0
123.0,39.0,232.141398,3.0
126.0,39.0,170.291856,3.0
129.0,39.0,-120.553274,1.0
132.0,39.0,-427.575717,1.0
135.0,39.0,-713.228253,1.0
138.0,39.0,-743.665307,1.0
141.0,39.0,-381.433572,1.0
144.0,39.0,-319.035877,1.0
147.0,39.0,-358.299442,1.0
150.0,39.0,-139.976804,1.0
153.0,39.0,-121.428521,1.0
156.0,39.0,253.279899,1.0
159.0,39.0,267.965804,1.0
162.0,39.0,714.751622,2.0
165.0,39.0,1365.053674,2.0
168.0,39.0,934.79079,2.0
171.0,39.0,902.908977,2.0
174.0,39.0,366.984498,2.0
177.0,39.0,138.395854,2.0
180.0,39.0,173.089981,2.0
183.0,39.0,66.943832,2.0
186.0,39.0,-85.709764,2.0
189.0,39.0,132.067428,2.0
192.0,39.0,405.218092,2.0
195.0,39.0,722.574036,2.0
198.0,39.0,615.937138,2.0
2.0,40.0,-547.991613,0.0
5.0,40.0,-513.187062,0.0
8.0,40.0,-529.798624,0.0
11.0,40.0,-141.454596,0.0
14.0,40.0,364.866597,0.0
17.0,40.0,347.67165,0.0
20.0,40.0,-202.125448,0.0
23.0,40.0,-290.184382,0.0
26.0,40.0,-247.513187,0.0
29.0,40.0,-284.056351,0.0
32.0,40.0,-106.93191,0.0
35.0,40.0,-76.388311,0.0
38.0,40.0,59.185632,0.0
41.0,40.0,333.725102,0.0
44.0,40.0,359.000621,0.0
47.0,40.0,256.432967,0.0
50.0,40.0,-48.468618,0.0
53.0,40.0,-12.953351,0.0
56.0,40.0,-253.741038,0.0
59.0,40.0,-133.927794,0.0
62.0,40.0,-83.983845,0.0
65.0,40.0,39.987597,0.0
68.0,40.0,-229.894259,0.0
71.0,40.0,-467.058298,3.0
74.0,40.0,-517.908458,3.0
77.0,40.0,-544.714923,3.0
80.0,40.0,-442.332976,3.0
83.0,40.0,421.588057,3.0
86.0,40.0,907.946966,3.0
89.0,40.0,169.68866,3.0
92.0,40.0,-116.486773,3.0
95.0,40.0,-48.411768,3.0
98.0,40.0,443.094299,3.0
101.0,40.0,-115.463029,3.0
104.0,40.0,-311.867361,3.0
107.0,40.0,-233.860945,3.0
110.0,40.0,-485.182509,3.0
113.0,40.0,-40.589185,3.0
116.0,40.0,407.647908,3.0
119.0,40.0,-234.411512,3.0
122.0,40.0,112.942057,3.0
125.0,40.0,-11.565256,3.0
128.0,40.0,123.244613,3.0
131.0,40.0,-435.25037,1.0
134.0,40.0,-733.049574,1.0
137.0,40.0,-913.615281,1.0
140.0,40.0,-544.2006,1.0
143.0,40.0,-444.114276,1.0
146.0,40.0,-264.959692,1.0
149.0,40.0,-86.012693,1.0
152.0,40.0,-215.80671,1.0
155.0,40.0,189.812833,1.0
158.0,40.0,-11.207257,1.0
161.0,40.0,49.987689,2.0
164.0,40.0,996.984621,2.0
167.0,40.0,1148.799018,2.0
170.0,40.0,945.920165,2.0
173.0,40.0,629.760742,2.0
176.0,40.0,296.567931,2.0
179.0,40.0,229.794689,2.0
182.0,40.0,406.683122,2.0
185.0,40.0,237.944658,2.0
188.0,40.0,301.017617,2.0
191.0,40.0,669.498571,2.0
194.0,40.0,778.926299,2.0
197.0,40.0,382.626398,2.0
1.0,41.0,-394.066536,0.0
4.0,41.0,-456.413895,0.0
7.0,41.0,-363.24868,0.0
10.0,41.0,-276.267265,0.0
13.0,41.0,212.740299,0.0
16.0,41.0,336.812583,0.0
19.0,41.0,80.24066,0.0
22.0,41.0,-343.600428,0.0
25.0,41.0,-279.741442,0.0
28.0,41.0,-294.964366,0.0
31.0,41.0,-134.71087,0.0
34.0,41.0,25.269249,0.0
37.0,41.0,43.169476,0.0
40.0,41.0,270.654538,0.0
43.0,41.0,368.894488,0.0
46.0,41.0,455.133086,0.0
49.0,41.0,237.864809,0.0
52.0,41.0,114.174005,0.0
55.0,41.0,-340.071178,0.0
58.0,41.0,-257.664591,0.0
61.0,41.0,-237.081866,0.0
64.0,41.0,64.254608,0.0
67.0,41.0,-316.003772,0.0
70.0,41.0,-410.259997,0.0
73.0,41.0,-520.810635,3.0
76.0,41.0,-430.405038,3.0
79.0,41.0,-531.807038,3.0
82.0,41.0,123.653362,3.0
85.0,41.0,1025.452912,3.0
88.0,41.0,461.339219,3.0
91.0,41.0,-190.416693,3.0
94.0,41.0,-217.860505,3.0
97.0,41.0,557.441541,3.0
100.0,41.0,182.67945,3.0
103.0,41.0,-282.734842,3.0
106.0,41.0,-251.609925,3.0
109.0,41.0,-466.365474,3.0
112.0,41.0,-296.789197,3.0
115.0,41.0,269.401767,3.0
118.0,41.0,144.563056,3.0
121.0,41.0,-70.476788,3.0
124.0,41.0,64.463732,3.0
127.0,41.0,-164.314796,3.0
130.0,41.0,-171.460471,1.0
133.0,41.0,-543.443779,1.0
136.0,41.0,-843.875196,1.0
139.0,41.0,-729.352589,1.0
142.0,41.0,-481.827182,1.0
145.0,41.0,-384.767895,1.0
148.0,41.0,-173.134179,1.0
151.0,41.0,-127.490091,1.0
154.0,41.0,-329.8762,1.0
157.0,41.0,24.110104,1.0
160.0,41.0,-294.580502,1.0
163.0,41.0,402.685219,2.0
166.0,41.0,1102.174237,2.0
169.0,41.0,1125.901194,2.0
172.0,41.0,765.955891,2.0
175.0,41.0,433.740313,2.0
178.0,41.0,435.767878,2.0
181.0,41.0,412.666366,2.0
184.0,41.0,468.919597,2.0
187.0,41.0,568.777686,2.0
190.0,41.0,822.093118,2.0
193.0,41.0,880.099779,2.0
196.0,41.0,424.262828,2.0
199.0,41.0,137.306186,2.0
0.0,42.0,-193.810046,0.0
3.0,42.0,-363.938021,0.0
6.0,42.0,-153.598323,0.0
9.0,42.0,-339.602135,0.0
12.0,42.0,101.817388,0.0
15.0,42.0,209.935243,0.0
18.0,42.0,96.196483,0.0
21.0,42.0,-247.49277,0.0
24.0,42.0,-407.136307,0.0
27.0,42.0,-414.898805,0.0
30.0,42.0,-229.743822,0.0
33.0,42.0,-169.860017,0.0
36.0,42.0,144.488887,0.0
39.0,42.0,159.963069,0.0
42.0,42.0,372.990769,0.0
45.0,42.0,475.379589,0.0
48.0,42.0,415.745685,0.0
51.0,42.0,233.643404,0.0
54.0,42.0,-328.320538,0.0
57.0,42.0,-365.415292,0.0
60.0,42.0,-344.762432,0.0
63.0,42.0,-189.436071,0.0
66.0,42.0,-411.069148,0.0
69.0,42.0,-452.164707,0.0
72.0,42.0,-396.879095,3.0
75.0,42.0,-390.922475,3.0
78.0,42.0,-592.177737,3.0
81.0,42.0,-172.192785,3.0
84.0,42.0,869.863445,3.0
87.0,42.0,604.989114,3.0
90.0,42.0,-239.457338,3.0
93.0,42.0,-84.199434,3.0
96.0,42.0,471.741729,3.0
99.0,42.0,591.552531,3.0
102.0,42.0,-399.017798,3.0
105.0,42.0,-171.729821,3.0
108.0,42.0,-404.427589,3.0
111.0,42.0,-535.292132,3.0
114.0,42.0,241.092724,3.0
117.0,42.0,333.808866,3.0
120.0,42.0,-95.580468,3.0
123.0,42.0,213.881568,3.0
126.0,42.0,-172.917852,3.0
129.0,42.0,79.494651,1.0
132.0,42.0,-325.224516,1.0
135.0,42.0,-569.785262,1.0
138.0,42.0,-573.413528,1.0
141.0,42.0,-488.323353,1.0
144.0,42.0,-572.334549,1.0
147.0,42.0,-406.553667,1.0
150.0,42.0,-122.24809,1.0
153.0,42.0,-252.703511,1.0
156.0,42.0,-145.300861,1.0
159.0,42.0,-165.503869,1.0
162.0,42.0,-236.900741,2.0
165.0,42.0,745.194963,2.0
168.0,42.0,1107.42091,2.0
171.0,42.0,864.816343,2.0
174.0,42.0,509.71599,2.0
177.0,42.0,510.093727,2.0
180.0,42.0,752.714501,2.0
183.0,42.0,548.285471,2.0
186.0,42.0,637.036175,2.0
189.0,42.0,804.363281,2.0
192.0,42.0,995.933656,2.0
195.0,42.0,624.845772,2.0
198.0,42.0,185.064822,2.0
2.0,43.0,-200.613042,0.0
5.0,43.0,-28.582233,0.0
8.0,43.0,-252.829226,0.0
11.0,43.0,22.906697,0.0
14.0,43.0,245.194583,0.0
17.0,43.0,-0.556205,0.0
20.0,43.0,-110.683821,0.0
23.0,43.0,-517.350869,0.0
26.0,43.0,-479.226948,0.0
29.0,43.0,-423.568834,0.0
32.0,43.0,-281.642239,0.0
35.0,43.0,-5.565828,0.0
38.0,43.0,141.29695,0.0
41.0,43.0,331.857173,0.0
44.0,43.0,339.806772,0.0
47.0,43.0,471.185303,0.0
50.0,43.0,429.299807,0.0
53.0,43.0,-135.484693,0.0
56.0,43.0,-470.942953,0.0
59.0,43.0,-362.454328,0.0
62.0,43.0,-246.274347,0.0
65.0,43.0,-228.79253,0.0
68.0,43.0,-498.826025,0.0
71.0,43.0,-282.882733,3.0
74.0,43.0,-262.732184,3.0
77.0,43.0,-411.049728,3.0
80.0,43.0,-345.556914,3.0
83.0,43.0,558.517594,3.0
86.0,43.0,783.523164,3.0
89.0,43.0,-198.824713,3.0
92.0,43.0,-44.099901,3.0
95.0,43.0,111.468637,3.0
98.0,43.0,679.789331,3.0
101.0,43.0,-333.129818,3.0
104.0,43.0,-177.366537,3.0
107.0,43.0,-437.439527,3.0
110.0,43.0,-663.679005,3.0
113.0,43.0,210.726602,3.0
116.0,43.0,267.275491,3.0
119.0,43.0,-110.186522,3.0
122.0,43.0,186.048384,3.0
125.0,43.0,191.172886,3.0
128.0,43.0,-164.008187,3.0
131.0,43.0,99.748794,1.0
134.0,43.0,-256.210024,1.0
137.0,43.0,-454.86646,1.0
140.0,43.0,-513.057922,1.0
143.0,43.0,-555.884309,1.0
146.0,43.0,-556.157855,1.0
149.0,43.0,-319.104104,1.0
152.0,43.0,29.07647,1.0
155.0,43.0,-257.238366,1.0
158.0,43.0,-58.217209,1.0
161.0,43.0,-482.44245,2.0
164.0,43.0,110.564876,2.0
167.0,43.0,739.848843,2.0
170.0,43.0,1028.028655,2.0
173.0,43.0,446.256027,2.0
176.0,43.0,554.526125,2.0
179.0,43.0,880.578595,2.0
182.0,43.0,707.45512,2.0
185.0,43.0,617.021619,2.0
188.0,43.0,621.7532,2.0
191.0,43.0,761.548341,2.0
194.0,43.0,758.245389,2.0
197.0,43.0,344.852493,2.0
1.0,44.0,-144.683504,0.0
4.0,44.0,175.361555,0.0
7.0,44.0,-97.263903,0.0
10.0,44.0,-102.966738,0.0
13.0,44.0,281.309397,0.0
16.0,44.0,90.104124,0.0
19.0,44.0,-179.538758,0.0
22.0,44.0,-428.228076,0.0
25.0,44.0,-480.822413,0.0
28.0,44.0,-602.356191,0.0
31.0,44.0,-397.844474,0.0
34.0,44.0,-251.480367,0.0
37.0,44.0,130.422989,0.0
40.0,44.0,209.897782,0.0
43.0,44.0,298.436718,0.0
46.0,44.0,379.079462,0.0
49.0,44.0,350.244124,0.0
52.0,44.0,5.273075,0.0
55.0,44.0,-479.214835,0.0
58.0,44.0,-330.918853,0.0
61.0,44.0,-335.110929,0.0
64.0,44.0,-55.963138,0.0
67.0,44.0,-377.251883,0.0
70.0,44.0,-270.331092,3.0
73.0,44.0,11.651765,3.0
76.0,44.0,-259.565474,3.0
79.0,44.0,-384.268935,3.0
82.0,44.0,341.730095,3.0
85.0,44.0,871.325397,3.0
88.0,44.0,-120.37166,3.0
91.0,44.0,-51.321252,3.0
94.0,44.0,-175.04436,3.0
97.0,44.0,589.959872,3.0
100.0,44.0,27.225051,3.0
103.0,44.0,-414.34071,3.0
106.0,44.0,-506.915207,3.0
109.0,44.0,-550.637168,3.0
112.0,44.0,-108.983232,3.0
115.0,44.0,365.799016,3.0
118.0,44.0,-66.180655,3.0
121.0,44.0,-12.851678,3.0
124.0,44.0,173.77059,3.0
127.0,44.0,-97.98414,3.0
130.0,44.0,338.889608,1.0
133.0,44.0,-72.350542,1.0
136.0,44.0,-319.45184,1.0
139.0,44.0,-558.627305,1.0
142.0,44.0,-500.174454,1.0
145.0,44.0,-447.75558,1.0
148.0,44.0,-535.660592,1.0
151.0,44.0,-164.632419,1.0
154.0,44.0,42.640637,1.0
157.0,44.0,-42.201183,1.0
160.0,44.0,-464.575933,1.0
163.0,44.0,-454.493206,2.0
166.0,44.0,219.354638,2.0
169.0,44.0,932.169248,2.0
172.0,44.0,612.62156,2.0
175.0,44.0,506.695104,2.0
178.0,44.0,728.618446,2.0
181.0,44.0,891.691243,2.0
184.0,44.0,801.79388,2.0
187.0,44.0,570.656197,2.0
190.0,44.0,519.896352,2.0
193.0,44.0,720.891081,2.0
196.0,44.0,309.721608,2.0
199.0,44.0,276.491213,2.0
0.0,45.0,118.169941,0.0
3.0,45.0,236.396677,0.0
6.0,45.0,6.028047,0.0
9.0,45.0,-32.42412,0.0
12.0,45.0,152.528872,0.0
15.0,45.0,130.442974,0.0
18.0,45.0,-82.973007,0.0
21.0,45.0,-253.689561,0.0
24.0,45.0,-379.149386,0.0
27.0,45.0,-553.979815,0.0
30.0,45.0,-524.248216,0.0
33.0,45.0,-425.834194,0.0
36.0,45.0,18.011818,0.0
39.0,45.0,124.355219,0.0
42.0,45.0,196.625831,0.0
45.0,45.0,227.5716,0.0
48.0,45.0,161.580426,0.0
51.0,45.0,-13.864125,0.0
54.0,45.0,-297.55663,0.0
57.0,45.0,-499.116038,0.0
60.0,45.0,-408.412587,0.0
63.0,45.0,-222.377774,0.0
66.0,45.0,-166.317895,0.0
69.0,45.0,-275.330935,0.0
72.0,45.0,167.012373,3.0
75.0,45.0,-9.300563,3.0
78.0,45.0,-332.263796,3.0
81.0,45.0,155.903244,3.0
84.0,45.0,720.449078,3.0
87.0,45.0,68.882889,3.0
90.0,45.0,9.306834,3.0
93.0,45.0,-122.722765,3.0
96.0,45.0,323.961033,3.0
99.0,45.0,398.705811,3.0
102.0,45.0,-520.85964,3.0
105.0,45.0,-417.666589,3.0
108.0,45.0,-406.163343,3.0
111.0,45.0,-479.868337,3.0
114.0,45.0,313.38406,3.0
117.0,45.0,79.874094,3.0
120.0,45.0,-249.888093,3.0
123.0,45.0,11.306019,3.0
126.0,45.0,32.486012,3.0
129.0,45.0,163.412684,1.0
132.0,45.0,183.620777,1.0
135.0,45.0,-170.063469,1.0
138.0,45.0,-607.673659,1.0
141.0,45.0,-542.580521,1.0
144.0,45.0,-460.928581,1.0
147.0,45.0,-533.373294,1.0
150.0,45.0,-411.03587,1.0
153.0,45.0,58.746347,1.0
156.0,45.0,-30.961688,1.0
159.0,45.0,-226.456206,1.0
162.0,45.0,-552.261277,2.0
165.0,45.0,-367.190451,2.0
168.0,45.0,503.67213,2.0
171.0,45.0,683.379804,2.0
174.0,45.0,328.669757,2.0
177.0,45.0,621.767918,2.0
180.0,45.0,829.97675,2.0
183.0,45.0,633.028646,2.0
186.0,45.0,602.200544,2.0
189.0,45.0,256.10384,2.0
192.0,45.0,488.423099,2.0
195.0,45.0,87.998501,2.0
198.0,45.0,352.067674,2.0
2.0,46.0,290.576616,0.0
5.0,46.0,285.476349,0.0
8.0,46.0,140.103685,0.0
11.0,46.0,128.389214,0.0
14.0,46.0,104.889561,0.0
17.0,46.0,-116.808551,0.0
20.0,46.0,-139.898601,0.0
23.0,46.0,-215.904403,0.0
26.0,46.0,-428.32879,0.0
29.0,46.0,-529.319544,0.0
32.0,46.0,-495.905026,0.0
35.0,46.0,-263.238018,0.0
38.0,46.0,26.291162,0.0
41.0,46.0,84.442171,0.0
44.0,46.0,-53.714948,0.0
47.0,46.0,13.956218,0.0
50.0,46.0,-243.811982,0.0
53.0,46.0,-221.219326,0.0
56.0,46.0,-652.105982,0.0
59.0,46.0,-341.638309,0.0
62.0,46.0,-341.779573,0.0
65.0,46.0,-94.856438,0.0
68.0,46.0,-168.084385,0.0
71.0,46.0,104.868869,3.0
74.0,46.0,322.488424,3.0
77.0,46.0,-210.471664,3.0
80.0,46.0,-44.143589,3.0
83.0,46.0,698.167591,3.0
86.0,46.0,340.845253,3.0
89.0,46.0,135.240313,3.0
92.0,46.0,-80.770263,3.0
95.0,46.0,120.562043,3.0
98.0,46.0,426.117305,3.0
101.0,46.0,-441.883969,3.0
104.0,46.0,-495.107628,3.0
107.0,46.0,-423.073634,3.0
110.0,46.0,-544.699357,3.0
113.0,46.0,214.628079,3.0
116.0,46.0,119.361078,3.0
119.0,46.0,-300.617876,3.0
122.0,46.0,5.075902,3.0
125.0,46.0,-286.254417,3.0
128.0,46.0,-81.77741,3.0
131.0,46.0,536.335606,1.0
134.0,46.0,67.269776,1.0
137.0,46.0,-424.488504,1.0
140.0,46.0,-728.353619,1.0
143.0,46.0,-456.682186,1.0
146.0,46.0,-397.924216,1.0
149.0,46.0,-583.961931,1.0
152.0,46.0,-258.130452,1.0
155.0,46.0,90.773943,1.0
158.0,46.0,38.09872,1.0
161.0,46.0,-416.185985,2.0
164.0,46.0,-494.919734,2.0
167.0,46.0,-97.94499,2.0
170.0,46.0,289.051328,2.0
173.0,46.0,351.917615,2.0
176.0,46.0,472.568657,2.0
179.0,46.0,601.314493,2.0
182.0,46.0,420.534918,2.0
185.0,46.0,400.808516,2.0
188.0,46.0,291.636336,2.0
191.0,46.0,391.717181,2.0
194.0,46.0,-135.703412,2.0
197.0,46.0,72.465164,2.0
1.0,47.0,402.263727,0.0
4.0,47.0,309.38814,0.0
7.0,47.0,229.398315,0.0
10.0,47.0,107.751837,0.0
13.0,47.0,180.495706,0.0
16.0,47.0,-147.115786,0.0
19.0,47.0,-153.211178,0.0
22.0,47.0,-111.066532,0.0
25.0,47.0,-399.543791,0.0
28.0,47.0,-502.5239,0.0
31.0,47.0,-508.362026,0.0
34.0,47.0,-384.016825,0.0
37.0,47.0,-64.135718,0.0
40.0,47.0,88.01098,0.0
43.0,47.0,-97.334154,0.0
46.0,47.0,-164.386462,0.0
49.0,47.0,-357.574955,0.0
52.0,47.0,-375.420016,0.0
55.0,47.0,-611.156633,0.0
58.0,47.0,-513.281405,0.0
61.0,47.0,-399.444909,0.0
64.0,47.0,-186.004347,0.0
67.0,47.0,-92.409636,0.0
70.0,47.0,-29.763977,3.0
73.0,47.0,493.358548,3.0
76.0,47.0,152.183719,3.0
79.0,47.0,-26.828611,3.0
82.0,47.0,548.914436,3.0
85.0,47.0,593.573665,3.0
88.0,47.0,211.401689,3.0
91.0,47.0,-91.991257,3.0
94.0,47.0,-148.932042,3.0
97.0,47.0,437.349426,3.0
100.0,47.0,-183.073553,3.0
103.0,47.0,-487.592831,3.0
106.0,47.0,-462.513957,3.0
109.0,47.0,-477.17432,3.0
112.0,47.0,-104.30461,3.0
115.0,47.0,182.558478,3.0
118.0,47.0,-254.614358,3.0
121.0,47.0,68.596133,3.0
124.0,47.0,-363.578503,3.0
127.0,47.0,-419.609309,3.0
130.0,47.0,274.230998,1.0
133.0,47.0,515.007199,1.0
136.0,47.0,-32.133416,1.0
139.0,47.0,-737.927497,1.0
142.0,47.0,-414.645276,1.0
145.0,47.0,-330.92556,1.0
148.0,47.0,-424.009752,1.0
151.0,47.0,-647.653019,1.0
154.0,47.0,2.456333,1.0
157.0,47.0,59.094369,1.0
160.0,47.0,-189.008353,1.0
163.0,47.0,-368.06331,2.0
166.0,47.0,-248.703682,2.0
169.0,47.0,-36.195062,2.0
172.0,47.0,163.30481,2.0
175.0,47.0,247.133571,2.0
178.0,47.0,419.152923,2.0
181.0,47.0,366.690849,2.0
184.0,47.0,269.813262,2.0
187.0,47.0,256.426788,2.0
190.0,47.0,273.880917,2.0
193.0,47.0,-135.705455,2.0
196.0,47.0,-123.292407,2.0
199.0,47.0,212.265097,2.0
0.0,48.0,464.415032,0.0
3.0,48.0,307.001963,0.0
6.0,48.0,516.249431,0.0
9.0,48.0,200.647831,0.0
12.0,48.0,246.709181,0.0
15.0,48.0,-126.399999,0.0
18.0,48.0,-224.796166,0.0
21.0,48.0,-0.453805,0.0
24.0,48.0,-444.691815,0.0
27.0,48.0,-523.415792,0.0
30.0,48.0,-435.645545,0.0
33.0,48.0,-446.796648,0.0
36.0,48.0,-146.346743,0.0
39.0,48.0,-90.418814,0.0
42.0,48.0,-87.088982,0.0
45.0,48.0,-203.37727,0.0
48.0,48.0,-343.256931,0.0
51.0,48.0,-517.065427,0.0
54.0,48.0,-537.64804,0.0
57.0,48.0,-647.098529,0.0
60.0,48.0,-450.485172,0.0
63.0,48.0,-268.828294,0.0
66.0,48.0,-94.453448,0.0
69.0,48.0,-9.572253,0.0
72.0,48.0,386.85877,3.0
75.0,48.0,419.55157,3.0
78.0,48.0,-8.240721,3.0
81.0,48.0,330.910052,3.0
84.0,48.0,579.837364,3.0
87.0,48.0,254.646137,3.0
90.0,48.0,-116.193029,3.0
93.0,48.0,-183.223827,3.0
96.0,48.0,377.179722,3.0
99.0,48.0,212.871189,3.0
102.0,48.0,-357.888486,3.0
105.0,48.0,-379.58032,3.0
108.0,48.0,-442.574048,3.0
111.0,48.0,-283.883415,3.0
114.0,48.0,207.069113,3.0
117.0,48.0,-197.149151,3.0
120.0,48.0,-71.168987,3.0
123.0,48.0,-257.751982,3.0
126.0,48.0,-593.537136,3.0
129.0,48.0,-272.989175,1.0
132.0,48.0,713.355803,1.0
135.0,48.0,310.261109,1.0
138.0,48.0,-247.15571,1.0
141.0,48.0,-555.583206,1.0
144.0,48.0,-213.19792,1.0
147.0,48.0,-337.147991,1.0
150.0,48.0,-571.564719,1.0
153.0,48.0,-419.187256,1.0
156.0,48.0,108.647152,1.0
159.0,48.0,-248.554061,1.0
162.0,48.0,-263.538865,2.0
165.0,48.0,-242.633361,2.0
168.0,48.0,-54.368912,2.0
171.0,48.0,-185.790436,2.0
174.0,48.0,-22.732567,2.0
177.0,48.0,255.480598,2.0
180.0,48.0,17.846489,2.0
183.0,48.0,97.860354,2.0
186.0,48.0,215.762044,2.0
189.0,48.0,185.235267,2.0
192.0,48.0,0.768177,2.0
195.0,48.0,-227.503855,2.0
198.0,48.0,153.257717,2.0
2.0,49.0,405.847838,0.0
5.0,49.0,659.296976,0.0
8.0,49.0,417.257423,0.0
11.0,49.0,162.548774,0.0
14.0,49.0,-97.820912,0.0
17.0,49.0,-318.22554,0.0
20.0,49.0,-31.127727,0.0
23.0,49.0,-448.46085,0.0
26.0,49.0,-550.419523,0.0
29.0,49.0,-431.567986,0.0
32.0,49.0,-389.541048,0.0
35.0,49.0,-202.175263,0.0
38.0,49.0,-266.762835,0.0
41.0,49.0,-98.339747,0.0
44.0,49.0,-202.757061,0.0
47.0,49.0,-508.590155,0.0
50.0,49.0,-625.306889,0.0
53.0,49.0,-562.388887,0.0
56.0,49.0,-732.855881,0.0
59.0,49.0,-477.737957,0.0
62.0,49.0,-395.863477,0.0
65.0,49.0,-167.300119,0.0
68.0,49.0,-7.053381,0.0
71.0,49.0,86.808738,3.0
74.0,49.0,806.322982,3.0
77.0,49.0,141.558924,3.0
80.0,49.0,82.26681,3.0
83.0,49.0,406.479964,3.0
86.0,49.0,162.452928,3.0
89.0,49.0,-16.089428,3.0
92.0,49.0,-122.917477,3.0
95.0,49.0,60.23371,3.0
98.0,49.0,256.462558,3.0
101.0,49.0,-210.791958,3.0
104.0,49.0,-420.447127,3.0
107.0,49.0,-370.906589,3.0
110.0,49.0,-381.394908,3.0
113.0,49.0,-7.174777,3.0
116.0,49.0,-74.30195,3.0
119.0,49.0,-344.498598,3.0
122.0,49.0,-158.490344,3.0
125.0,49.0,-564.376596,3.0
128.0,49.0,-585.973577,3.0
131.0,49.0,67.635811,1.0
134.0,49.0,486.305203,1.0
137.0,49.0,219.137825,1.0
140.0,49.0,-211.892856,1.0
143.0,49.0,-151.75652,1.0
146.0,49.0,-109.133542,1.0
149.0,49.0,-442.127907,1.0
152.0,49.0,-265.652135,1.0
155.0,49.0,-335.689805,1.0
158.0,49.0,-383.714497,1.0
161.0,49.0,-288.453211,2.0
164.0,49.0,-244.097219,2.0
167.0,49.0,77.38673,2.0
170.0,49.0,-127.25761,2.0
173.0,49.0,-131.284013,2.0
176.0,49.0,-249.752296,2.0
179.0,49.0,-302.773351,2.0
182.0,49.0,-263.345464,2.0
185.0,49.0,77.415936,2.0
188.0,49.0,-132.798465,2.0
191.0,49.0,-20.843439,2.0
194.0,49.0,-219.360359,2.0
197.0,49.0,50.293906,2.0
