x,y,val,clust
0.000000,0.000000,474.224075,2.000000
6.000000,0.000000,749.593665,2.000000
11.000000,0.000000,131.113667,2.000000
17.000000,0.000000,-270.998116,2.000000
23.000000,0.000000,-432.319171,2.000000
28.000000,0.000000,-450.253056,2.000000
34.000000,0.000000,-184.689399,2.000000
40.000000,0.000000,-277.807808,2.000000
45.000000,0.000000,-564.117043,2.000000
51.000000,0.000000,-829.348029,2.000000
57.000000,0.000000,-704.048944,2.000000
62.000000,0.000000,-497.857909,2.000000
68.000000,0.000000,-81.994134,2.000000
74.000000,0.000000,1049.973414,1.000000
79.000000,0.000000,164.046319,1.000000
85.000000,0.000000,-108.100714,1.000000
91.000000,0.000000,-322.244212,1.000000
96.000000,0.000000,-258.137721,1.000000
102.000000,0.000000,-403.129118,1.000000
107.000000,0.000000,-428.512421,1.000000
113.000000,0.000000,-83.166915,1.000000
119.000000,0.000000,-305.671030,1.000000
124.000000,0.000000,-467.913713,1.000000
130.000000,0.000000,-341.430387,1.000000
136.000000,0.000000,194.130635,0.000000
141.000000,0.000000,-230.830118,0.000000
147.000000,0.000000,-63.347761,0.000000
153.000000,0.000000,-289.888395,0.000000
158.000000,0.000000,-539.599303,0.000000
164.000000,0.000000,-462.833688,0.000000
170.000000,0.000000,-104.845376,3.000000
175.000000,0.000000,-579.418403,3.000000
181.000000,0.000000,-704.204139,3.000000
187.000000,0.000000,-414.743937,3.000000
192.000000,0.000000,-159.284279,3.000000
198.000000,0.000000,-39.921405,3.000000
5.000000,1.000000,695.238031,2.000000
10.000000,1.000000,344.548564,2.000000
16.000000,1.000000,-331.765502,2.000000
22.000000,1.000000,-283.777047,2.000000
27.000000,1.000000,-494.400102,2.000000
33.000000,1.000000,-333.734487,2.000000
39.000000,1.000000,-453.353661,2.000000
44.000000,1.000000,-545.623301,2.000000
50.000000,1.000000,-903.467955,2.000000
56.000000,1.000000,-811.693758,2.000000
61.000000,1.000000,-495.168775,2.000000
67.000000,1.000000,-193.617908,2.000000
73.000000,1.000000,766.500787,1.000000
78.000000,1.000000,383.531537,1.000000
84.000000,1.000000,-225.492388,1.000000
90.000000,1.000000,-425.950346,1.000000
95.000000,1.000000,-428.033593,1.000000
101.000000,1.000000,-415.118207,1.000000
106.000000,1.000000,-359.975477,1.000000
112.000000,1.000000,-245.887194,1.000000
118.000000,1.000000,-251.322814,1.000000
123.000000,1.000000,-437.307612,1.000000
129.000000,1.000000,-314.544185,1.000000
135.000000,1.000000,154.752820,0.000000
140.000000,1.000000,-135.940050,0.000000
146.000000,1.000000,-9.118723,0.000000
152.000000,1.000000,-242.703643,0.000000
157.000000,1.000000,-634.489336,0.000000
163.000000,1.000000,-515.243739,0.000000
169.000000,1.000000,-317.286915,0.000000
174.000000,1.000000,-430.755898,3.000000
180.000000,1.000000,-756.420653,3.000000
186.000000,1.000000,-391.920940,3.000000
191.000000,1.000000,-393.093982,3.000000
197.000000,1.000000,-217.627958,3.000000
4.000000,2.000000,546.320071,2.000000
9.000000,2.000000,458.838499,2.000000
15.000000,2.000000,-304.138980,2.000000
21.000000,2.000000,-272.019182,2.000000
26.000000,2.000000,-479.976245,2.000000
32.000000,2.000000,-501.042357,2.000000
38.000000,2.000000,-385.471731,2.000000
43.000000,2.000000,-564.907274,2.000000
49.000000,2.000000,-783.191598,2.000000
55.000000,2.000000,-749.451485,2.000000
60.000000,2.000000,-566.599878,2.000000
66.000000,2.000000,-64.453348,2.000000
72.000000,2.000000,510.820492,1.000000
77.000000,2.000000,484.868703,1.000000
83.000000,2.000000,-209.224154,1.000000
89.000000,2.000000,-438.816199,1.000000
94.000000,2.000000,-465.607626,1.000000
100.000000,2.000000,-321.034092,1.000000
105.000000,2.000000,-253.282441,1.000000
111.000000,2.000000,-553.768776,1.000000
117.000000,2.000000,-342.782839,1.000000
122.000000,2.000000,-319.216001,1.000000
128.000000,2.000000,-140.156856,1.000000
134.000000,2.000000,-111.579532,0.000000
139.000000,2.000000,-189.582659,0.000000
145.000000,2.000000,-193.376825,0.000000
151.000000,2.000000,-120.316064,0.000000
156.000000,2.000000,-645.131965,0.000000
162.000000,2.000000,-649.312860,0.000000
168.000000,2.000000,-319.977125,0.000000
173.000000,2.000000,-329.651346,3.000000
179.000000,2.000000,-615.409291,3.000000
185.000000,2.000000,-333.299848,3.000000
190.000000,2.000000,-613.131666,3.000000
196.000000,2.000000,-321.352338,3.000000
3.000000,3.000000,416.233718,2.000000
8.000000,3.000000,371.884294,2.000000
14.000000,3.000000,-285.100351,2.000000
20.000000,3.000000,-223.639906,2.000000
25.000000,3.000000,-448.919000,2.000000
31.000000,3.000000,-532.118557,2.000000
37.000000,3.000000,-165.224073,2.000000
42.000000,3.000000,-566.891983,2.000000
48.000000,3.000000,-795.767135,2.000000
54.000000,3.000000,-580.554656,2.000000
59.000000,3.000000,-670.192044,2.000000
65.000000,3.000000,-48.957117,2.000000
71.000000,3.000000,214.086222,1.000000
76.000000,3.000000,629.629187,1.000000
82.000000,3.000000,-251.803458,1.000000
88.000000,3.000000,-481.042825,1.000000
93.000000,3.000000,-449.170623,1.000000
99.000000,3.000000,-242.416623,1.000000
104.000000,3.000000,-215.385550,1.000000
110.000000,3.000000,-594.375634,1.000000
116.000000,3.000000,-512.264038,1.000000
121.000000,3.000000,-151.327318,1.000000
127.000000,3.000000,-8.391020,1.000000
133.000000,3.000000,-8.445853,0.000000
138.000000,3.000000,-337.948409,0.000000
144.000000,3.000000,-304.399582,0.000000
150.000000,3.000000,208.953231,0.000000
155.000000,3.000000,-562.799088,0.000000
161.000000,3.000000,-730.906792,0.000000
167.000000,3.000000,-289.646541,0.000000
172.000000,3.000000,-347.809094,3.000000
178.000000,3.000000,-541.778837,3.000000
184.000000,3.000000,-449.356053,3.000000
189.000000,3.000000,-524.349584,3.000000
195.000000,3.000000,-354.329580,3.000000
2.000000,4.000000,441.472760,2.000000
7.000000,4.000000,382.292969,2.000000
13.000000,4.000000,-295.861224,2.000000
19.000000,4.000000,-150.565892,2.000000
24.000000,4.000000,-451.497888,2.000000
30.000000,4.000000,-595.064639,2.000000
36.000000,4.000000,-90.977162,2.000000
41.000000,4.000000,-400.709905,2.000000
47.000000,4.000000,-698.786938,2.000000
53.000000,4.000000,-729.854347,2.000000
58.000000,4.000000,-615.683710,2.000000
64.000000,4.000000,-230.046768,2.000000
70.000000,4.000000,-33.651305,1.000000
75.000000,4.000000,613.284297,1.000000
81.000000,4.000000,-244.209434,1.000000
87.000000,4.000000,-381.213731,1.000000
92.000000,4.000000,-471.466115,1.000000
98.000000,4.000000,-197.695389,1.000000
103.000000,4.000000,-275.892196,1.000000
109.000000,4.000000,-633.861165,1.000000
115.000000,4.000000,-610.731903,1.000000
120.000000,4.000000,-189.371493,1.000000
126.000000,4.000000,264.597496,1.000000
132.000000,4.000000,114.887707,0.000000
137.000000,4.000000,-277.435740,0.000000
143.000000,4.000000,-359.486608,0.000000
149.000000,4.000000,138.983958,0.000000
154.000000,4.000000,-466.442092,0.000000
160.000000,4.000000,-876.725123,0.000000
166.000000,4.000000,-657.671028,0.000000
171.000000,4.000000,-72.974779,3.000000
177.000000,4.000000,-465.241235,3.000000
183.000000,4.000000,-469.087184,3.000000
188.000000,4.000000,-282.285261,3.000000
194.000000,4.000000,-271.441195,3.000000
1.000000,5.000000,403.358594,2.000000
6.000000,5.000000,559.851026,2.000000
12.000000,5.000000,-164.856648,2.000000
18.000000,5.000000,-210.379718,2.000000
23.000000,5.000000,-401.438649,2.000000
29.000000,5.000000,-582.895528,2.000000
35.000000,5.000000,-210.014272,2.000000
40.000000,5.000000,-141.168955,2.000000
46.000000,5.000000,-513.110305,2.000000
52.000000,5.000000,-872.482517,2.000000
57.000000,5.000000,-491.623256,2.000000
63.000000,5.000000,-256.171319,2.000000
69.000000,5.000000,-104.709197,2.000000
74.000000,5.000000,567.195395,1.000000
80.000000,5.000000,-217.879264,1.000000
86.000000,5.000000,-442.612902,1.000000
91.000000,5.000000,-390.502309,1.000000
97.000000,5.000000,-309.096825,1.000000
102.000000,5.000000,-445.903452,1.000000
108.000000,5.000000,-724.696472,1.000000
114.000000,5.000000,-688.066960,1.000000
119.000000,5.000000,-360.126708,1.000000
125.000000,5.000000,-80.008901,1.000000
131.000000,5.000000,147.828265,1.000000
136.000000,5.000000,-106.668181,0.000000
142.000000,5.000000,-567.597493,0.000000
148.000000,5.000000,-10.602401,0.000000
153.000000,5.000000,-170.454568,0.000000
159.000000,5.000000,-869.466021,0.000000
165.000000,5.000000,-594.125326,0.000000
170.000000,5.000000,-118.481311,3.000000
176.000000,5.000000,-288.046480,3.000000
182.000000,5.000000,-159.322244,3.000000
187.000000,5.000000,-272.862661,3.000000
193.000000,5.000000,-152.590757,3.000000
199.000000,5.000000,325.610864,3.000000
0.000000,6.000000,220.623242,2.000000
5.000000,6.000000,576.409111,2.000000
11.000000,6.000000,73.730469,2.000000
17.000000,6.000000,-124.270927,2.000000
22.000000,6.000000,-287.031044,2.000000
28.000000,6.000000,-494.657000,2.000000
34.000000,6.000000,-329.865368,2.000000
39.000000,6.000000,-149.603667,2.000000
45.000000,6.000000,-286.931464,2.000000
51.000000,6.000000,-766.533776,2.000000
56.000000,6.000000,-496.932085,2.000000
62.000000,6.000000,-336.127238,2.000000
68.000000,6.000000,-230.485308,2.000000
73.000000,6.000000,220.882954,1.000000
79.000000,6.000000,-25.568697,1.000000
85.000000,6.000000,-507.527091,1.000000
90.000000,6.000000,-260.881717,1.000000
96.000000,6.000000,-351.017254,1.000000
101.000000,6.000000,-571.612965,1.000000
107.000000,6.000000,-633.367964,1.000000
113.000000,6.000000,-708.100153,1.000000
118.000000,6.000000,-580.996428,1.000000
124.000000,6.000000,-416.636425,1.000000
130.000000,6.000000,242.450723,1.000000
135.000000,6.000000,-50.861204,0.000000
141.000000,6.000000,-615.144459,0.000000
147.000000,6.000000,213.874258,0.000000
152.000000,6.000000,83.702725,0.000000
158.000000,6.000000,-597.946837,0.000000
164.000000,6.000000,-573.994690,0.000000
169.000000,6.000000,-322.785422,3.000000
175.000000,6.000000,-254.364287,3.000000
181.000000,6.000000,97.249202,3.000000
186.000000,6.000000,-273.516258,3.000000
192.000000,6.000000,-9.490989,3.000000
198.000000,6.000000,343.010103,3.000000
4.000000,7.000000,429.451898,2.000000
10.000000,7.000000,200.061425,2.000000
16.000000,7.000000,-76.396080,2.000000
21.000000,7.000000,-245.691707,2.000000
27.000000,7.000000,-424.181017,2.000000
33.000000,7.000000,-383.464866,2.000000
38.000000,7.000000,-184.131323,2.000000
44.000000,7.000000,-124.004334,2.000000
50.000000,7.000000,-612.283670,2.000000
55.000000,7.000000,-405.452831,2.000000
61.000000,7.000000,-331.816754,2.000000
67.000000,7.000000,-331.337982,2.000000
72.000000,7.000000,47.596612,1.000000
78.000000,7.000000,84.861262,1.000000
84.000000,7.000000,-532.409110,1.000000
89.000000,7.000000,-90.670080,1.000000
95.000000,7.000000,-306.360899,1.000000
100.000000,7.000000,-400.293644,1.000000
106.000000,7.000000,-566.740367,1.000000
112.000000,7.000000,-589.451047,1.000000
117.000000,7.000000,-695.418244,1.000000
123.000000,7.000000,-417.198810,1.000000
129.000000,7.000000,41.928143,1.000000
134.000000,7.000000,-84.068661,0.000000
140.000000,7.000000,-325.831659,0.000000
146.000000,7.000000,22.894582,0.000000
151.000000,7.000000,-163.444810,0.000000
157.000000,7.000000,-458.080175,0.000000
163.000000,7.000000,-676.380705,0.000000
168.000000,7.000000,-364.673842,0.000000
174.000000,7.000000,-222.926512,3.000000
180.000000,7.000000,29.166620,3.000000
185.000000,7.000000,-108.168893,3.000000
191.000000,7.000000,-164.202276,3.000000
197.000000,7.000000,239.757915,3.000000
3.000000,8.000000,359.294267,2.000000
9.000000,8.000000,291.057337,2.000000
15.000000,8.000000,23.550924,2.000000
20.000000,8.000000,-213.038226,2.000000
26.000000,8.000000,-422.313622,2.000000
32.000000,8.000000,-470.685461,2.000000
37.000000,8.000000,-191.172311,2.000000
43.000000,8.000000,-78.344336,2.000000
49.000000,8.000000,-424.999503,2.000000
54.000000,8.000000,-499.232845,2.000000
60.000000,8.000000,-355.138664,2.000000
66.000000,8.000000,-328.384233,2.000000
71.000000,8.000000,2.365808,1.000000
77.000000,8.000000,192.200277,1.000000
83.000000,8.000000,-340.554266,1.000000
88.000000,8.000000,27.236759,1.000000
94.000000,8.000000,-271.195203,1.000000
99.000000,8.000000,-227.745430,1.000000
105.000000,8.000000,-517.742624,1.000000
111.000000,8.000000,-441.207520,1.000000
116.000000,8.000000,-644.982000,1.000000
122.000000,8.000000,-433.087156,1.000000
128.000000,8.000000,-218.931935,1.000000
133.000000,8.000000,-127.479662,0.000000
139.000000,8.000000,-41.745407,0.000000
145.000000,8.000000,-263.136396,0.000000
150.000000,8.000000,4.422628,0.000000
156.000000,8.000000,-369.336087,0.000000
162.000000,8.000000,-585.637469,0.000000
167.000000,8.000000,-416.471310,0.000000
173.000000,8.000000,-38.918968,3.000000
179.000000,8.000000,-111.748654,3.000000
184.000000,8.000000,-53.499678,3.000000
190.000000,8.000000,-414.633307,3.000000
196.000000,8.000000,-34.820102,3.000000
2.000000,9.000000,161.074939,2.000000
8.000000,9.000000,268.940835,2.000000
14.000000,9.000000,111.716329,2.000000
19.000000,9.000000,-236.330794,2.000000
25.000000,9.000000,-384.744949,2.000000
31.000000,9.000000,-381.093528,2.000000
36.000000,9.000000,48.602925,2.000000
42.000000,9.000000,-143.702206,2.000000
48.000000,9.000000,-94.506006,2.000000
53.000000,9.000000,-501.392238,2.000000
59.000000,9.000000,-363.131149,2.000000
65.000000,9.000000,-265.471472,2.000000
70.000000,9.000000,-283.253292,2.000000
76.000000,9.000000,411.802032,1.000000
82.000000,9.000000,-199.631565,1.000000
87.000000,9.000000,123.563737,1.000000
93.000000,9.000000,-324.027515,1.000000
98.000000,9.000000,-80.778211,1.000000
104.000000,9.000000,-379.821485,1.000000
110.000000,9.000000,-556.955128,1.000000
115.000000,9.000000,-581.507284,1.000000
121.000000,9.000000,-351.234238,1.000000
127.000000,9.000000,-320.730143,1.000000
132.000000,9.000000,-288.481110,0.000000
138.000000,9.000000,258.073843,0.000000
144.000000,9.000000,-224.198297,0.000000
149.000000,9.000000,90.563351,0.000000
155.000000,9.000000,-164.082614,0.000000
161.000000,9.000000,-383.234309,0.000000
166.000000,9.000000,-618.280295,0.000000
172.000000,9.000000,-15.910732,3.000000
178.000000,9.000000,-123.489589,3.000000
183.000000,9.000000,52.004187,3.000000
189.000000,9.000000,-482.159616,3.000000
195.000000,9.000000,-203.578167,3.000000
1.000000,10.000000,-24.655254,2.000000
7.000000,10.000000,307.575286,2.000000
13.000000,10.000000,177.011353,2.000000
18.000000,10.000000,-193.226199,2.000000
24.000000,10.000000,-349.941192,2.000000
30.000000,10.000000,-314.085994,2.000000
35.000000,10.000000,328.430389,2.000000
41.000000,10.000000,-132.360508,2.000000
47.000000,10.000000,86.975977,2.000000
52.000000,10.000000,-381.877555,2.000000
58.000000,10.000000,-315.240188,2.000000
64.000000,10.000000,-373.531143,2.000000
69.000000,10.000000,-522.524724,2.000000
75.000000,10.000000,380.526059,1.000000
81.000000,10.000000,-268.402899,1.000000
86.000000,10.000000,84.961263,1.000000
92.000000,10.000000,-478.729602,1.000000
97.000000,10.000000,-81.677858,1.000000
103.000000,10.000000,-240.243043,1.000000
109.000000,10.000000,-641.325664,1.000000
114.000000,10.000000,-624.197459,1.000000
120.000000,10.000000,-276.140576,1.000000
126.000000,10.000000,-426.693560,1.000000
131.000000,10.000000,-395.040370,1.000000
137.000000,10.000000,143.570748,0.000000
143.000000,10.000000,412.444289,0.000000
148.000000,10.000000,-125.923241,0.000000
154.000000,10.000000,61.569240,0.000000
160.000000,10.000000,-371.484190,0.000000
165.000000,10.000000,-484.051700,0.000000
171.000000,10.000000,-242.248239,3.000000
177.000000,10.000000,-92.578605,3.000000
182.000000,10.000000,213.645849,3.000000
188.000000,10.000000,-391.513560,3.000000
194.000000,10.000000,-257.190118,3.000000
199.000000,10.000000,-49.887689,3.000000
0.000000,11.000000,-31.470184,2.000000
6.000000,11.000000,264.798435,2.000000
12.000000,11.000000,261.831326,2.000000
17.000000,11.000000,57.058201,2.000000
23.000000,11.000000,-323.365265,2.000000
29.000000,11.000000,-379.001514,2.000000
34.000000,11.000000,290.744099,2.000000
40.000000,11.000000,0.306317,2.000000
46.000000,11.000000,-23.324000,2.000000
51.000000,11.000000,-151.839982,2.000000
57.000000,11.000000,-267.208589,2.000000
63.000000,11.000000,-313.708681,2.000000
68.000000,11.000000,-454.643560,2.000000
74.000000,11.000000,139.855840,1.000000
80.000000,11.000000,-359.457911,1.000000
85.000000,11.000000,-141.917772,1.000000
91.000000,11.000000,-501.097957,1.000000
96.000000,11.000000,-215.447797,1.000000
102.000000,11.000000,-196.814672,1.000000
108.000000,11.000000,-838.210174,1.000000
113.000000,11.000000,-690.654620,1.000000
119.000000,11.000000,-235.660323,1.000000
125.000000,11.000000,-546.408553,1.000000
130.000000,11.000000,-237.101463,1.000000
136.000000,11.000000,-221.700611,0.000000
142.000000,11.000000,866.998640,0.000000
147.000000,11.000000,-298.925450,0.000000
153.000000,11.000000,76.158018,0.000000
159.000000,11.000000,-139.807384,0.000000
164.000000,11.000000,-431.663374,0.000000
170.000000,11.000000,-190.562411,3.000000
176.000000,11.000000,215.721280,3.000000
181.000000,11.000000,371.197230,3.000000
187.000000,11.000000,-336.961303,3.000000
193.000000,11.000000,-218.673646,3.000000
198.000000,11.000000,-37.837270,3.000000
5.000000,12.000000,292.372372,2.000000
11.000000,12.000000,266.943619,2.000000
16.000000,12.000000,311.970097,2.000000
22.000000,12.000000,-296.804770,2.000000
28.000000,12.000000,-390.223825,2.000000
33.000000,12.000000,164.078095,2.000000
39.000000,12.000000,139.764195,2.000000
45.000000,12.000000,10.658100,2.000000
50.000000,12.000000,-63.943703,2.000000
56.000000,12.000000,-114.851178,2.000000
62.000000,12.000000,-199.312152,2.000000
67.000000,12.000000,-305.556726,2.000000
73.000000,12.000000,214.899498,1.000000
79.000000,12.000000,-357.787245,1.000000
84.000000,12.000000,-218.623771,1.000000
90.000000,12.000000,-394.878688,1.000000
95.000000,12.000000,-293.040038,1.000000
101.000000,12.000000,-177.708883,1.000000
107.000000,12.000000,-878.152924,1.000000
112.000000,12.000000,-693.917403,1.000000
118.000000,12.000000,-381.078155,1.000000
124.000000,12.000000,-448.695112,1.000000
129.000000,12.000000,-267.948803,1.000000
135.000000,12.000000,-451.197354,0.000000
141.000000,12.000000,1208.054041,0.000000
146.000000,12.000000,152.079912,0.000000
152.000000,12.000000,1.348415,0.000000
158.000000,12.000000,-24.947829,0.000000
163.000000,12.000000,-429.747819,0.000000
169.000000,12.000000,10.611604,3.000000
175.000000,12.000000,287.036070,3.000000
180.000000,12.000000,460.602057,3.000000
186.000000,12.000000,-338.330610,3.000000
192.000000,12.000000,-60.689072,3.000000
197.000000,12.000000,-88.925622,3.000000
4.000000,13.000000,217.337044,2.000000
10.000000,13.000000,184.403727,2.000000
15.000000,13.000000,282.659677,2.000000
21.000000,13.000000,-258.453278,2.000000
27.000000,13.000000,-311.761432,2.000000
32.000000,13.000000,2.108814,2.000000
38.000000,13.000000,245.513192,2.000000
44.000000,13.000000,-147.959059,2.000000
49.000000,13.000000,-197.382184,2.000000
55.000000,13.000000,46.936274,2.000000
61.000000,13.000000,-63.151511,2.000000
66.000000,13.000000,-218.314287,2.000000
72.000000,13.000000,313.758659,1.000000
78.000000,13.000000,-211.355847,1.000000
83.000000,13.000000,-199.544617,1.000000
89.000000,13.000000,-131.305157,1.000000
94.000000,13.000000,-321.532559,1.000000
100.000000,13.000000,-125.582815,1.000000
106.000000,13.000000,-770.524001,1.000000
111.000000,13.000000,-725.174415,1.000000
117.000000,13.000000,-432.737772,1.000000
123.000000,13.000000,-336.206840,1.000000
128.000000,13.000000,-352.442539,1.000000
134.000000,13.000000,-450.185101,0.000000
140.000000,13.000000,988.099368,0.000000
145.000000,13.000000,625.046958,0.000000
151.000000,13.000000,84.385730,0.000000
157.000000,13.000000,-18.719075,0.000000
162.000000,13.000000,-93.637037,0.000000
168.000000,13.000000,17.952879,3.000000
174.000000,13.000000,9.186707,3.000000
179.000000,13.000000,399.421852,3.000000
185.000000,13.000000,-353.494970,3.000000
191.000000,13.000000,-192.167582,3.000000
196.000000,13.000000,-152.402827,3.000000
3.000000,14.000000,307.212961,2.000000
9.000000,14.000000,14.401148,2.000000
14.000000,14.000000,96.217764,2.000000
20.000000,14.000000,-349.774627,2.000000
26.000000,14.000000,-188.721345,2.000000
31.000000,14.000000,-70.978965,2.000000
37.000000,14.000000,189.721625,2.000000
43.000000,14.000000,-299.473907,2.000000
48.000000,14.000000,-227.671577,2.000000
54.000000,14.000000,64.619517,2.000000
60.000000,14.000000,-98.135402,2.000000
65.000000,14.000000,-147.289697,2.000000
71.000000,14.000000,80.115545,2.000000
77.000000,14.000000,-163.584395,1.000000
82.000000,14.000000,-187.821058,1.000000
88.000000,14.000000,273.452706,1.000000
93.000000,14.000000,-302.037684,1.000000
99.000000,14.000000,17.099761,1.000000
105.000000,14.000000,-730.888499,1.000000
110.000000,14.000000,-684.823387,1.000000
116.000000,14.000000,-409.149555,1.000000
122.000000,14.000000,-456.461701,1.000000
127.000000,14.000000,-249.325142,1.000000
133.000000,14.000000,-516.115562,0.000000
139.000000,14.000000,457.122784,0.000000
144.000000,14.000000,669.206478,0.000000
150.000000,14.000000,-121.032132,0.000000
156.000000,14.000000,84.749525,0.000000
161.000000,14.000000,85.097012,0.000000
167.000000,14.000000,-270.904632,0.000000
173.000000,14.000000,-138.706756,3.000000
178.000000,14.000000,127.180657,3.000000
184.000000,14.000000,-19.898715,3.000000
190.000000,14.000000,-313.621293,3.000000
195.000000,14.000000,250.132787,3.000000
2.000000,15.000000,391.598826,2.000000
8.000000,15.000000,64.739373,2.000000
13.000000,15.000000,121.706606,2.000000
19.000000,15.000000,-372.794525,2.000000
25.000000,15.000000,-261.395185,2.000000
30.000000,15.000000,-81.191153,2.000000
36.000000,15.000000,43.748190,2.000000
42.000000,15.000000,-335.533293,2.000000
47.000000,15.000000,-190.347701,2.000000
53.000000,15.000000,-71.611833,2.000000
59.000000,15.000000,-278.276019,2.000000
64.000000,15.000000,-145.265423,2.000000
70.000000,15.000000,-118.906669,2.000000
76.000000,15.000000,87.947171,1.000000
81.000000,15.000000,-183.110743,1.000000
87.000000,15.000000,329.772554,1.000000
92.000000,15.000000,-310.068781,1.000000
98.000000,15.000000,306.921513,1.000000
104.000000,15.000000,-535.852625,1.000000
109.000000,15.000000,-656.704240,1.000000
115.000000,15.000000,-494.931281,1.000000
121.000000,15.000000,-489.884843,1.000000
126.000000,15.000000,7.998927,1.000000
132.000000,15.000000,-458.828912,0.000000
138.000000,15.000000,349.074495,0.000000
143.000000,15.000000,1000.979483,0.000000
149.000000,15.000000,-440.907269,0.000000
155.000000,15.000000,217.000773,0.000000
160.000000,15.000000,302.384351,0.000000
166.000000,15.000000,-95.017148,0.000000
172.000000,15.000000,-262.961533,3.000000
177.000000,15.000000,140.205052,3.000000
183.000000,15.000000,284.673118,3.000000
189.000000,15.000000,-85.697352,3.000000
194.000000,15.000000,770.714768,3.000000
1.000000,16.000000,385.462749,2.000000
7.000000,16.000000,48.700261,2.000000
12.000000,16.000000,12.838709,2.000000
18.000000,16.000000,-436.551307,2.000000
24.000000,16.000000,-398.480932,2.000000
29.000000,16.000000,-109.713538,2.000000
35.000000,16.000000,97.740784,2.000000
41.000000,16.000000,-244.853248,2.000000
46.000000,16.000000,-314.745106,2.000000
52.000000,16.000000,-78.394940,2.000000
58.000000,16.000000,-427.319668,2.000000
63.000000,16.000000,-239.989278,2.000000
69.000000,16.000000,-225.442546,2.000000
75.000000,16.000000,331.039675,1.000000
80.000000,16.000000,-69.379117,1.000000
86.000000,16.000000,197.137169,1.000000
91.000000,16.000000,-230.726598,1.000000
97.000000,16.000000,469.875115,1.000000
103.000000,16.000000,-394.771098,1.000000
108.000000,16.000000,-582.887652,1.000000
114.000000,16.000000,-571.168919,1.000000
120.000000,16.000000,-467.803058,1.000000
125.000000,16.000000,-255.867848,1.000000
131.000000,16.000000,-313.031555,0.000000
137.000000,16.000000,107.691050,0.000000
142.000000,16.000000,1005.136495,0.000000
148.000000,16.000000,-594.338071,0.000000
154.000000,16.000000,293.355123,0.000000
159.000000,16.000000,784.273957,0.000000
165.000000,16.000000,116.823392,0.000000
171.000000,16.000000,-324.551535,3.000000
176.000000,16.000000,66.314358,3.000000
182.000000,16.000000,329.146401,3.000000
188.000000,16.000000,6.176874,3.000000
193.000000,16.000000,956.363828,3.000000
199.000000,16.000000,212.345912,3.000000
0.000000,17.000000,283.349215,2.000000
6.000000,17.000000,-140.564325,2.000000
11.000000,17.000000,-99.088452,2.000000
17.000000,17.000000,-481.121369,2.000000
23.000000,17.000000,-468.849574,2.000000
28.000000,17.000000,-176.810508,2.000000
34.000000,17.000000,89.706051,2.000000
40.000000,17.000000,-365.331513,2.000000
45.000000,17.000000,-466.364616,2.000000
51.000000,17.000000,-128.438246,2.000000
57.000000,17.000000,-330.558021,2.000000
62.000000,17.000000,-314.063145,2.000000
68.000000,17.000000,-243.542279,2.000000
74.000000,17.000000,438.578997,1.000000
79.000000,17.000000,44.849656,1.000000
85.000000,17.000000,35.103223,1.000000
90.000000,17.000000,-13.553914,1.000000
96.000000,17.000000,371.431154,1.000000
102.000000,17.000000,-430.399061,1.000000
107.000000,17.000000,-452.484880,1.000000
113.000000,17.000000,-639.665103,1.000000
119.000000,17.000000,-393.538533,1.000000
124.000000,17.000000,-551.419511,1.000000
130.000000,17.000000,17.114567,1.000000
136.000000,17.000000,-154.973116,0.000000
141.000000,17.000000,563.829170,0.000000
147.000000,17.000000,-352.191777,0.000000
153.000000,17.000000,-154.510915,0.000000
158.000000,17.000000,760.977900,0.000000
164.000000,17.000000,405.015757,0.000000
170.000000,17.000000,-187.978033,3.000000
175.000000,17.000000,-285.423732,3.000000
181.000000,17.000000,281.601362,3.000000
187.000000,17.000000,-107.341926,3.000000
192.000000,17.000000,1323.583512,3.000000
198.000000,17.000000,432.237795,3.000000
5.000000,18.000000,-73.641009,2.000000
10.000000,18.000000,-183.030428,2.000000
16.000000,18.000000,-355.547075,2.000000
22.000000,18.000000,-448.729964,2.000000
27.000000,18.000000,-300.803650,2.000000
33.000000,18.000000,28.792497,2.000000
39.000000,18.000000,-482.916206,2.000000
44.000000,18.000000,-444.638894,2.000000
50.000000,18.000000,-328.629418,2.000000
56.000000,18.000000,-338.105193,2.000000
61.000000,18.000000,-434.149075,2.000000
67.000000,18.000000,-304.774911,2.000000
73.000000,18.000000,192.602362,1.000000
78.000000,18.000000,-127.999721,1.000000
84.000000,18.000000,72.487633,1.000000
89.000000,18.000000,158.506835,1.000000
95.000000,18.000000,175.725813,1.000000
101.000000,18.000000,-229.507303,1.000000
106.000000,18.000000,-295.185283,1.000000
112.000000,18.000000,-591.917389,1.000000
118.000000,18.000000,-363.067225,1.000000
123.000000,18.000000,-617.491412,1.000000
129.000000,18.000000,196.825220,1.000000
135.000000,18.000000,-125.503177,0.000000
140.000000,18.000000,208.817452,0.000000
146.000000,18.000000,157.718400,0.000000
152.000000,18.000000,-607.687889,0.000000
157.000000,18.000000,449.335124,0.000000
163.000000,18.000000,512.680304,0.000000
169.000000,18.000000,75.863432,3.000000
174.000000,18.000000,-391.524750,3.000000
180.000000,18.000000,-11.745483,3.000000
186.000000,18.000000,-88.243953,3.000000
191.000000,18.000000,1037.346157,3.000000
197.000000,18.000000,703.843502,3.000000
4.000000,19.000000,142.826515,2.000000
9.000000,19.000000,-178.180954,2.000000
15.000000,19.000000,-208.216769,2.000000
21.000000,19.000000,-392.258132,2.000000
26.000000,19.000000,-429.671036,2.000000
32.000000,19.000000,-51.463687,2.000000
38.000000,19.000000,-447.127243,2.000000
43.000000,19.000000,-352.407351,2.000000
49.000000,19.000000,-357.533055,2.000000
55.000000,19.000000,-311.871477,2.000000
60.000000,19.000000,-504.218996,2.000000
66.000000,19.000000,-395.240888,2.000000
72.000000,19.000000,-22.819377,2.000000
77.000000,19.000000,-94.268046,1.000000
83.000000,19.000000,-107.678803,1.000000
88.000000,19.000000,62.556647,1.000000
94.000000,19.000000,69.558810,1.000000
100.000000,19.000000,-71.081865,1.000000
105.000000,19.000000,-164.954661,1.000000
111.000000,19.000000,-626.190250,1.000000
117.000000,19.000000,-335.409044,1.000000
122.000000,19.000000,-682.509641,1.000000
128.000000,19.000000,-167.812143,1.000000
134.000000,19.000000,232.979318,0.000000
139.000000,19.000000,-80.638726,0.000000
145.000000,19.000000,427.551937,0.000000
151.000000,19.000000,-604.850333,0.000000
156.000000,19.000000,-73.434569,0.000000
162.000000,19.000000,369.205486,0.000000
168.000000,19.000000,307.173997,3.000000
173.000000,19.000000,-323.891417,3.000000
179.000000,19.000000,-432.195758,3.000000
185.000000,19.000000,-117.880567,3.000000
190.000000,19.000000,823.599655,3.000000
196.000000,19.000000,934.349285,3.000000
3.000000,20.000000,202.663893,2.000000
8.000000,20.000000,-178.498657,2.000000
14.000000,20.000000,-173.963939,2.000000
20.000000,20.000000,-355.407094,2.000000
25.000000,20.000000,-501.441868,2.000000
31.000000,20.000000,-136.902541,2.000000
37.000000,20.000000,-346.071764,2.000000
42.000000,20.000000,-351.897210,2.000000
48.000000,20.000000,-342.586632,2.000000
54.000000,20.000000,-298.174089,2.000000
59.000000,20.000000,-616.353927,2.000000
65.000000,20.000000,-547.171571,2.000000
71.000000,20.000000,156.702331,2.000000
76.000000,20.000000,-21.458986,1.000000
82.000000,20.000000,-194.180411,1.000000
87.000000,20.000000,65.044910,1.000000
93.000000,20.000000,45.119621,1.000000
99.000000,20.000000,-30.511840,1.000000
104.000000,20.000000,-119.455958,1.000000
110.000000,20.000000,-646.483277,1.000000
116.000000,20.000000,-331.672033,1.000000
121.000000,20.000000,-790.897618,1.000000
127.000000,20.000000,-513.900959,1.000000
133.000000,20.000000,366.603696,0.000000
138.000000,20.000000,-28.119050,0.000000
144.000000,20.000000,249.101282,0.000000
150.000000,20.000000,-496.511227,0.000000
155.000000,20.000000,-472.548484,0.000000
161.000000,20.000000,206.237913,0.000000
167.000000,20.000000,124.968734,3.000000
172.000000,20.000000,-297.703244,3.000000
178.000000,20.000000,-530.687491,3.000000
184.000000,20.000000,-127.571805,3.000000
189.000000,20.000000,620.547551,3.000000
195.000000,20.000000,1149.140933,3.000000
2.000000,21.000000,-85.020144,2.000000
7.000000,21.000000,-170.765211,2.000000
13.000000,21.000000,-55.517512,2.000000
19.000000,21.000000,-281.730830,2.000000
24.000000,21.000000,-486.759132,2.000000
30.000000,21.000000,-176.222848,2.000000
36.000000,21.000000,-216.303425,2.000000
41.000000,21.000000,-372.310802,2.000000
47.000000,21.000000,-380.717103,2.000000
53.000000,21.000000,-273.075897,2.000000
58.000000,21.000000,-736.024564,2.000000
64.000000,21.000000,-524.436079,2.000000
70.000000,21.000000,202.970264,2.000000
75.000000,21.000000,-106.920142,1.000000
81.000000,21.000000,-143.537566,1.000000
86.000000,21.000000,75.495640,1.000000
92.000000,21.000000,62.079506,1.000000
98.000000,21.000000,-43.779613,1.000000
103.000000,21.000000,-186.973435,1.000000
109.000000,21.000000,-593.353811,1.000000
115.000000,21.000000,-217.700355,1.000000
120.000000,21.000000,-726.972062,1.000000
126.000000,21.000000,-682.625202,1.000000
132.000000,21.000000,358.808683,0.000000
137.000000,21.000000,168.868831,0.000000
143.000000,21.000000,44.646099,0.000000
149.000000,21.000000,-240.473084,0.000000
154.000000,21.000000,-573.026392,0.000000
160.000000,21.000000,377.625562,0.000000
166.000000,21.000000,118.540591,3.000000
171.000000,21.000000,-276.170464,3.000000
177.000000,21.000000,-358.881812,3.000000
183.000000,21.000000,-129.782393,3.000000
188.000000,21.000000,193.827856,3.000000
194.000000,21.000000,1443.337604,3.000000
1.000000,22.000000,-189.025504,2.000000
6.000000,22.000000,-139.400793,2.000000
12.000000,22.000000,-75.940629,2.000000
18.000000,22.000000,-257.638235,2.000000
23.000000,22.000000,-519.573366,2.000000
29.000000,22.000000,-265.271109,2.000000
35.000000,22.000000,-226.008721,2.000000
40.000000,22.000000,-350.440040,2.000000
46.000000,22.000000,-387.842463,2.000000
52.000000,22.000000,-330.797752,2.000000
57.000000,22.000000,-671.335527,2.000000
63.000000,22.000000,-502.156423,2.000000
69.000000,22.000000,-59.083553,2.000000
74.000000,22.000000,-107.020871,1.000000
80.000000,22.000000,-53.411297,1.000000
85.000000,22.000000,-99.730813,1.000000
91.000000,22.000000,162.856699,1.000000
97.000000,22.000000,-99.104038,1.000000
102.000000,22.000000,-263.648415,1.000000
108.000000,22.000000,-420.044702,1.000000
114.000000,22.000000,-260.496428,1.000000
119.000000,22.000000,-570.132972,1.000000
125.000000,22.000000,-647.047525,1.000000
131.000000,22.000000,-30.372821,0.000000
136.000000,22.000000,307.956597,0.000000
142.000000,22.000000,-188.894494,0.000000
148.000000,22.000000,-229.765705,0.000000
153.000000,22.000000,-457.420151,0.000000
159.000000,22.000000,259.390076,0.000000
165.000000,22.000000,140.769524,3.000000
170.000000,22.000000,-110.741259,3.000000
176.000000,22.000000,-46.421818,3.000000
182.000000,22.000000,-242.101010,3.000000
187.000000,22.000000,-67.636440,3.000000
193.000000,22.000000,1393.552967,3.000000
199.000000,22.000000,-82.686949,3.000000
0.000000,23.000000,-95.906096,2.000000
5.000000,23.000000,-250.226322,2.000000
11.000000,23.000000,-273.512755,2.000000
17.000000,23.000000,-142.274027,2.000000
22.000000,23.000000,-412.457945,2.000000
28.000000,23.000000,-257.055697,2.000000
34.000000,23.000000,-270.322132,2.000000
39.000000,23.000000,-295.536359,2.000000
45.000000,23.000000,-316.175500,2.000000
51.000000,23.000000,-470.751027,2.000000
56.000000,23.000000,-502.350900,2.000000
62.000000,23.000000,-567.552572,2.000000
68.000000,23.000000,-427.235545,2.000000
73.000000,23.000000,-18.654912,2.000000
79.000000,23.000000,-123.574717,1.000000
84.000000,23.000000,-195.788737,1.000000
90.000000,23.000000,282.652843,1.000000
96.000000,23.000000,-137.508772,1.000000
101.000000,23.000000,-262.529347,1.000000
107.000000,23.000000,-203.905991,1.000000
113.000000,23.000000,-451.897855,1.000000
118.000000,23.000000,-340.244900,1.000000
124.000000,23.000000,-630.420456,1.000000
130.000000,23.000000,-462.521768,0.000000
135.000000,23.000000,240.153324,0.000000
141.000000,23.000000,-231.477710,0.000000
147.000000,23.000000,-402.897729,0.000000
152.000000,23.000000,-382.533979,0.000000
158.000000,23.000000,-115.269680,0.000000
164.000000,23.000000,238.304195,0.000000
169.000000,23.000000,-255.470906,3.000000
175.000000,23.000000,-84.882110,3.000000
181.000000,23.000000,-150.476901,3.000000
186.000000,23.000000,62.383066,3.000000
192.000000,23.000000,850.720626,3.000000
198.000000,23.000000,345.374657,3.000000
4.000000,24.000000,-320.102806,2.000000
10.000000,24.000000,-227.023402,2.000000
16.000000,24.000000,34.658890,2.000000
21.000000,24.000000,-238.059646,2.000000
27.000000,24.000000,-341.351594,2.000000
33.000000,24.000000,-264.313981,2.000000
38.000000,24.000000,-247.197688,2.000000
44.000000,24.000000,-370.986461,2.000000
50.000000,24.000000,-404.651853,2.000000
55.000000,24.000000,-422.927654,2.000000
61.000000,24.000000,-589.230641,2.000000
67.000000,24.000000,-606.536251,2.000000
72.000000,24.000000,6.449456,2.000000
78.000000,24.000000,-230.706382,1.000000
83.000000,24.000000,-285.139781,1.000000
89.000000,24.000000,160.001442,1.000000
95.000000,24.000000,-143.218947,1.000000
100.000000,24.000000,-198.288471,1.000000
106.000000,24.000000,-29.385280,1.000000
112.000000,24.000000,-556.917214,1.000000
117.000000,24.000000,-233.458644,1.000000
123.000000,24.000000,-628.214951,1.000000
129.000000,24.000000,-509.177167,1.000000
134.000000,24.000000,-143.213474,0.000000
140.000000,24.000000,46.844714,0.000000
146.000000,24.000000,-520.993413,0.000000
151.000000,24.000000,-392.713179,0.000000
157.000000,24.000000,-311.061337,0.000000
163.000000,24.000000,435.782481,0.000000
168.000000,24.000000,-202.860804,3.000000
174.000000,24.000000,-65.676764,3.000000
180.000000,24.000000,-33.678497,3.000000
185.000000,24.000000,-207.930434,3.000000
191.000000,24.000000,434.566368,3.000000
197.000000,24.000000,556.776148,3.000000
3.000000,25.000000,-357.613892,2.000000
9.000000,25.000000,-192.345192,2.000000
15.000000,25.000000,29.751246,2.000000
20.000000,25.000000,-115.923132,2.000000
26.000000,25.000000,-481.777471,2.000000
32.000000,25.000000,-222.028977,2.000000
37.000000,25.000000,-316.568031,2.000000
43.000000,25.000000,-474.508002,2.000000
49.000000,25.000000,-299.837579,2.000000
54.000000,25.000000,-309.881097,2.000000
60.000000,25.000000,-610.803674,2.000000
66.000000,25.000000,-632.654118,2.000000
71.000000,25.000000,-150.466189,2.000000
77.000000,25.000000,-287.225873,1.000000
82.000000,25.000000,-445.729111,1.000000
88.000000,25.000000,47.822337,1.000000
94.000000,25.000000,-141.545480,1.000000
99.000000,25.000000,-257.575622,1.000000
105.000000,25.000000,132.740572,1.000000
111.000000,25.000000,-505.140480,1.000000
116.000000,25.000000,-208.797653,1.000000
122.000000,25.000000,-688.875269,1.000000
128.000000,25.000000,-440.889593,1.000000
133.000000,25.000000,-331.451432,0.000000
139.000000,25.000000,593.758863,0.000000
145.000000,25.000000,-440.678479,0.000000
150.000000,25.000000,-584.380199,0.000000
156.000000,25.000000,-259.538419,0.000000
162.000000,25.000000,350.764059,0.000000
167.000000,25.000000,460.349489,3.000000
173.000000,25.000000,151.593098,3.000000
179.000000,25.000000,-177.241247,3.000000
184.000000,25.000000,-343.647538,3.000000
190.000000,25.000000,-41.886882,3.000000
196.000000,25.000000,558.647163,3.000000
2.000000,26.000000,-337.599935,2.000000
8.000000,26.000000,-395.940157,2.000000
14.000000,26.000000,114.365107,2.000000
19.000000,26.000000,-42.347195,2.000000
25.000000,26.000000,-488.218903,2.000000
31.000000,26.000000,-319.439907,2.000000
36.000000,26.000000,-396.744049,2.000000
42.000000,26.000000,-495.039773,2.000000
48.000000,26.000000,-199.780466,2.000000
53.000000,26.000000,-231.143574,2.000000
59.000000,26.000000,-636.992378,2.000000
65.000000,26.000000,-479.187883,2.000000
70.000000,26.000000,-377.298477,2.000000
76.000000,26.000000,-307.547403,1.000000
81.000000,26.000000,-475.518825,1.000000
87.000000,26.000000,-137.629977,1.000000
93.000000,26.000000,-41.175547,1.000000
98.000000,26.000000,-313.220927,1.000000
104.000000,26.000000,304.247996,1.000000
110.000000,26.000000,-448.782342,1.000000
115.000000,26.000000,-212.927885,1.000000
121.000000,26.000000,-820.831680,1.000000
127.000000,26.000000,-446.578334,1.000000
132.000000,26.000000,-385.277928,0.000000
138.000000,26.000000,575.407049,0.000000
144.000000,26.000000,-232.862956,0.000000
149.000000,26.000000,-786.057834,0.000000
155.000000,26.000000,-305.002612,0.000000
161.000000,26.000000,219.175674,0.000000
166.000000,26.000000,905.939149,3.000000
172.000000,26.000000,195.838983,3.000000
178.000000,26.000000,-212.342187,3.000000
183.000000,26.000000,-284.828730,3.000000
189.000000,26.000000,-233.645948,3.000000
195.000000,26.000000,503.298493,3.000000
1.000000,27.000000,-321.987268,2.000000
7.000000,27.000000,-465.703951,2.000000
13.000000,27.000000,31.446462,2.000000
18.000000,27.000000,25.352938,2.000000
24.000000,27.000000,-518.176968,2.000000
30.000000,27.000000,-387.403562,2.000000
35.000000,27.000000,-490.815806,2.000000
41.000000,27.000000,-362.576537,2.000000
47.000000,27.000000,-152.025340,2.000000
52.000000,27.000000,-195.386838,2.000000
58.000000,27.000000,-636.299412,2.000000
64.000000,27.000000,-407.258013,2.000000
69.000000,27.000000,-466.521131,2.000000
75.000000,27.000000,-346.565248,1.000000
80.000000,27.000000,-299.429433,1.000000
86.000000,27.000000,-491.736821,1.000000
92.000000,27.000000,139.706306,1.000000
97.000000,27.000000,-220.867857,1.000000
103.000000,27.000000,315.163461,1.000000
109.000000,27.000000,-402.086822,1.000000
114.000000,27.000000,-379.994805,1.000000
120.000000,27.000000,-757.114583,1.000000
126.000000,27.000000,-461.919153,1.000000
131.000000,27.000000,-332.105043,0.000000
137.000000,27.000000,182.002364,0.000000
143.000000,27.000000,-68.752937,0.000000
148.000000,27.000000,-667.333551,0.000000
154.000000,27.000000,-443.065704,0.000000
160.000000,27.000000,61.934902,0.000000
165.000000,27.000000,871.917634,3.000000
171.000000,27.000000,696.518170,3.000000
177.000000,27.000000,-117.924800,3.000000
182.000000,27.000000,-160.614124,3.000000
188.000000,27.000000,-240.280841,3.000000
194.000000,27.000000,572.957447,3.000000
199.000000,27.000000,-214.541345,3.000000
0.000000,28.000000,-392.406330,2.000000
6.000000,28.000000,-376.731442,2.000000
12.000000,28.000000,-178.493893,2.000000
17.000000,28.000000,134.739324,2.000000
23.000000,28.000000,-448.085781,2.000000
29.000000,28.000000,-422.206776,2.000000
34.000000,28.000000,-605.540101,2.000000
40.000000,28.000000,-347.412999,2.000000
46.000000,28.000000,-221.045873,2.000000
51.000000,28.000000,-409.046726,2.000000
57.000000,28.000000,-483.350859,2.000000
63.000000,28.000000,-300.974751,2.000000
68.000000,28.000000,-426.439242,2.000000
74.000000,28.000000,-443.489264,1.000000
79.000000,28.000000,-115.904971,1.000000
85.000000,28.000000,-625.307089,1.000000
91.000000,28.000000,380.507245,1.000000
96.000000,28.000000,-102.316813,1.000000
102.000000,28.000000,237.571193,1.000000
108.000000,28.000000,-478.002442,1.000000
113.000000,28.000000,-504.300435,1.000000
119.000000,28.000000,-458.207920,1.000000
125.000000,28.000000,-470.404543,1.000000
130.000000,28.000000,-316.565478,0.000000
136.000000,28.000000,-161.362267,0.000000
142.000000,28.000000,414.411563,0.000000
147.000000,28.000000,-400.478399,0.000000
153.000000,28.000000,-494.950606,0.000000
159.000000,28.000000,-256.774487,0.000000
164.000000,28.000000,737.439177,3.000000
170.000000,28.000000,1196.919930,3.000000
176.000000,28.000000,208.111794,3.000000
181.000000,28.000000,26.586819,3.000000
187.000000,28.000000,-380.750652,3.000000
193.000000,28.000000,322.583100,3.000000
198.000000,28.000000,-46.144641,3.000000
5.000000,29.000000,-360.009247,2.000000
11.000000,29.000000,-355.887907,2.000000
16.000000,29.000000,202.266953,2.000000
22.000000,29.000000,-287.283630,2.000000
28.000000,29.000000,-488.179740,2.000000
33.000000,29.000000,-618.650484,2.000000
39.000000,29.000000,-383.396739,2.000000
45.000000,29.000000,-273.995398,2.000000
50.000000,29.000000,-538.696197,2.000000
56.000000,29.000000,-256.279255,2.000000
62.000000,29.000000,-247.215036,2.000000
67.000000,29.000000,-430.580400,2.000000
73.000000,29.000000,-515.941006,1.000000
78.000000,29.000000,-217.179359,1.000000
84.000000,29.000000,-585.792289,1.000000
90.000000,29.000000,601.765457,1.000000
95.000000,29.000000,-144.408024,1.000000
101.000000,29.000000,72.920217,1.000000
107.000000,29.000000,-485.064234,1.000000
112.000000,29.000000,-542.970275,1.000000
118.000000,29.000000,-266.265319,1.000000
124.000000,29.000000,-450.487610,1.000000
129.000000,29.000000,-198.068240,1.000000
135.000000,29.000000,-302.433719,0.000000
141.000000,29.000000,331.993490,0.000000
146.000000,29.000000,-201.148221,0.000000
152.000000,29.000000,-359.636779,0.000000
158.000000,29.000000,-376.913045,0.000000
163.000000,29.000000,327.993982,3.000000
169.000000,29.000000,807.218510,3.000000
175.000000,29.000000,529.274620,3.000000
180.000000,29.000000,-37.409613,3.000000
186.000000,29.000000,-449.284474,3.000000
192.000000,29.000000,-186.774928,3.000000
197.000000,29.000000,58.248009,3.000000
4.000000,30.000000,-428.808878,2.000000
10.000000,30.000000,-491.170975,2.000000
15.000000,30.000000,78.256285,2.000000
21.000000,30.000000,-152.820323,2.000000
27.000000,30.000000,-640.934390,2.000000
32.000000,30.000000,-558.849514,2.000000
38.000000,30.000000,-383.061052,2.000000
44.000000,30.000000,-336.249898,2.000000
49.000000,30.000000,-587.164908,2.000000
55.000000,30.000000,-133.425213,2.000000
61.000000,30.000000,-122.814903,2.000000
66.000000,30.000000,-450.097283,2.000000
72.000000,30.000000,-556.845039,2.000000
77.000000,30.000000,-394.313369,1.000000
83.000000,30.000000,-501.988175,1.000000
89.000000,30.000000,737.856134,1.000000
94.000000,30.000000,-179.273340,1.000000
100.000000,30.000000,-99.065628,1.000000
106.000000,30.000000,-347.121263,1.000000
111.000000,30.000000,-622.073060,1.000000
117.000000,30.000000,-227.968619,1.000000
123.000000,30.000000,-443.781848,1.000000
128.000000,30.000000,-167.954156,1.000000
134.000000,30.000000,-224.037681,0.000000
140.000000,30.000000,-149.983086,0.000000
145.000000,30.000000,120.123461,0.000000
151.000000,30.000000,-110.576001,0.000000
157.000000,30.000000,-206.670548,0.000000
162.000000,30.000000,-16.829690,0.000000
168.000000,30.000000,302.636193,3.000000
174.000000,30.000000,733.465461,3.000000
179.000000,30.000000,66.839858,3.000000
185.000000,30.000000,-393.864101,3.000000
191.000000,30.000000,-363.686634,3.000000
196.000000,30.000000,-81.422864,3.000000
3.000000,31.000000,-454.969447,2.000000
9.000000,31.000000,-513.513075,2.000000
14.000000,31.000000,146.521802,2.000000
20.000000,31.000000,71.296895,2.000000
26.000000,31.000000,-670.902954,2.000000
31.000000,31.000000,-415.529187,2.000000
37.000000,31.000000,-373.613183,2.000000
43.000000,31.000000,-395.829167,2.000000
48.000000,31.000000,-617.471504,2.000000
54.000000,31.000000,-248.765807,2.000000
60.000000,31.000000,102.206458,2.000000
65.000000,31.000000,-431.297552,2.000000
71.000000,31.000000,-676.340752,2.000000
76.000000,31.000000,-495.484246,1.000000
82.000000,31.000000,-545.909221,1.000000
88.000000,31.000000,709.908087,1.000000
93.000000,31.000000,-216.383351,1.000000
99.000000,31.000000,-184.703884,1.000000
105.000000,31.000000,-84.563075,1.000000
110.000000,31.000000,-717.156842,1.000000
116.000000,31.000000,-270.814732,1.000000
122.000000,31.000000,-418.116359,1.000000
127.000000,31.000000,-294.930678,1.000000
133.000000,31.000000,123.060522,0.000000
139.000000,31.000000,-444.557075,0.000000
144.000000,31.000000,277.023739,0.000000
150.000000,31.000000,-353.205562,0.000000
156.000000,31.000000,88.966567,0.000000
161.000000,31.000000,-209.506330,0.000000
167.000000,31.000000,122.917506,3.000000
173.000000,31.000000,538.819358,3.000000
178.000000,31.000000,-86.093136,3.000000
184.000000,31.000000,-206.350121,3.000000
190.000000,31.000000,-498.432620,3.000000
195.000000,31.000000,-193.597332,3.000000
2.000000,32.000000,-523.661063,2.000000
8.000000,32.000000,-484.993100,2.000000
13.000000,32.000000,267.093886,2.000000
19.000000,32.000000,299.499763,2.000000
25.000000,32.000000,-588.982833,2.000000
30.000000,32.000000,-467.820947,2.000000
36.000000,32.000000,-396.628896,2.000000
42.000000,32.000000,-293.096799,2.000000
47.000000,32.000000,-544.691428,2.000000
53.000000,32.000000,-360.953895,2.000000
59.000000,32.000000,130.101143,2.000000
64.000000,32.000000,-376.807708,2.000000
70.000000,32.000000,-788.760309,2.000000
75.000000,32.000000,-569.287691,1.000000
81.000000,32.000000,-656.582592,1.000000
87.000000,32.000000,458.821443,1.000000
92.000000,32.000000,169.309036,1.000000
98.000000,32.000000,-111.748294,1.000000
104.000000,32.000000,88.016141,1.000000
109.000000,32.000000,-657.983587,1.000000
115.000000,32.000000,-364.400683,1.000000
121.000000,32.000000,-479.449833,1.000000
126.000000,32.000000,-202.964273,1.000000
132.000000,32.000000,334.794424,0.000000
138.000000,32.000000,-275.457304,0.000000
143.000000,32.000000,118.505498,0.000000
149.000000,32.000000,-249.859381,0.000000
155.000000,32.000000,205.027138,0.000000
160.000000,32.000000,19.477016,0.000000
166.000000,32.000000,118.711872,3.000000
172.000000,32.000000,322.196347,3.000000
177.000000,32.000000,-179.053498,3.000000
183.000000,32.000000,-126.453803,3.000000
189.000000,32.000000,-510.434995,3.000000
194.000000,32.000000,-315.002223,3.000000
1.000000,33.000000,-666.183360,2.000000
7.000000,33.000000,-550.808397,2.000000
12.000000,33.000000,197.629960,2.000000
18.000000,33.000000,358.004948,2.000000
24.000000,33.000000,-562.108416,2.000000
29.000000,33.000000,-600.411971,2.000000
35.000000,33.000000,-399.337732,2.000000
41.000000,33.000000,-224.288831,2.000000
46.000000,33.000000,-562.946763,2.000000
52.000000,33.000000,-431.279461,2.000000
58.000000,33.000000,91.789686,2.000000
63.000000,33.000000,-235.673731,2.000000
69.000000,33.000000,-735.975231,2.000000
74.000000,33.000000,-757.925336,1.000000
80.000000,33.000000,-625.324668,1.000000
86.000000,33.000000,242.590572,1.000000
91.000000,33.000000,449.630512,1.000000
97.000000,33.000000,17.590266,1.000000
103.000000,33.000000,65.899111,1.000000
108.000000,33.000000,-577.141664,1.000000
114.000000,33.000000,-460.365472,1.000000
120.000000,33.000000,-330.321671,1.000000
125.000000,33.000000,-114.204186,1.000000
131.000000,33.000000,178.009749,0.000000
137.000000,33.000000,-357.013660,0.000000
142.000000,33.000000,-125.334469,0.000000
148.000000,33.000000,-108.004319,0.000000
154.000000,33.000000,211.469615,0.000000
159.000000,33.000000,250.404484,0.000000
165.000000,33.000000,187.562326,3.000000
171.000000,33.000000,106.043250,3.000000
176.000000,33.000000,-253.841174,3.000000
182.000000,33.000000,-154.099223,3.000000
188.000000,33.000000,-407.035930,3.000000
193.000000,33.000000,-347.650999,3.000000
199.000000,33.000000,-370.973771,3.000000
0.000000,34.000000,-616.298098,2.000000
6.000000,34.000000,-573.148517,2.000000
11.000000,34.000000,129.248225,2.000000
17.000000,34.000000,294.277850,2.000000
23.000000,34.000000,-502.452699,2.000000
28.000000,34.000000,-593.813909,2.000000
34.000000,34.000000,-402.868735,2.000000
40.000000,34.000000,-148.852215,2.000000
45.000000,34.000000,-464.710207,2.000000
51.000000,34.000000,-531.131121,2.000000
57.000000,34.000000,84.481760,2.000000
62.000000,34.000000,-129.698228,2.000000
68.000000,34.000000,-602.794123,2.000000
73.000000,34.000000,-735.532240,1.000000
79.000000,34.000000,-576.488455,1.000000
85.000000,34.000000,114.170734,1.000000
90.000000,34.000000,613.725678,1.000000
96.000000,34.000000,-102.465070,1.000000
102.000000,34.000000,201.418043,1.000000
107.000000,34.000000,-584.102019,1.000000
113.000000,34.000000,-602.728466,1.000000
119.000000,34.000000,-83.387442,1.000000
124.000000,34.000000,22.334572,1.000000
130.000000,34.000000,-191.075415,0.000000
136.000000,34.000000,-217.508421,0.000000
141.000000,34.000000,-383.505309,0.000000
147.000000,34.000000,-340.024908,0.000000
153.000000,34.000000,363.639020,0.000000
158.000000,34.000000,249.011473,0.000000
164.000000,34.000000,520.814893,3.000000
170.000000,34.000000,-111.977593,3.000000
175.000000,34.000000,-363.296048,3.000000
181.000000,34.000000,-276.363147,3.000000
187.000000,34.000000,-395.957401,3.000000
192.000000,34.000000,-271.258107,3.000000
198.000000,34.000000,-94.431819,3.000000
5.000000,35.000000,-578.864373,2.000000
10.000000,35.000000,-72.142640,2.000000
16.000000,35.000000,304.274742,2.000000
22.000000,35.000000,-407.134499,2.000000
27.000000,35.000000,-503.302020,2.000000
33.000000,35.000000,-353.124996,2.000000
39.000000,35.000000,-228.512619,2.000000
44.000000,35.000000,-200.328422,2.000000
50.000000,35.000000,-545.319598,2.000000
56.000000,35.000000,-125.399378,2.000000
61.000000,35.000000,64.217531,2.000000
67.000000,35.000000,-556.317391,2.000000
72.000000,35.000000,-583.861614,1.000000
78.000000,35.000000,-425.099542,1.000000
84.000000,35.000000,-128.057613,1.000000
89.000000,35.000000,754.206852,1.000000
95.000000,35.000000,-170.891955,1.000000
101.000000,35.000000,248.217014,1.000000
106.000000,35.000000,-519.610382,1.000000
112.000000,35.000000,-541.154751,1.000000
118.000000,35.000000,185.917959,1.000000
123.000000,35.000000,35.058544,1.000000
129.000000,35.000000,-345.818799,0.000000
135.000000,35.000000,-201.133894,0.000000
140.000000,35.000000,-397.238484,0.000000
146.000000,35.000000,-363.813257,0.000000
152.000000,35.000000,411.625738,0.000000
157.000000,35.000000,272.841764,0.000000
163.000000,35.000000,994.106353,3.000000
169.000000,35.000000,204.117960,3.000000
174.000000,35.000000,-367.281725,3.000000
180.000000,35.000000,-525.567740,3.000000
186.000000,35.000000,-467.477086,3.000000
191.000000,35.000000,-365.688703,3.000000
197.000000,35.000000,236.008321,3.000000
4.000000,36.000000,-692.446868,2.000000
9.000000,36.000000,-361.404470,2.000000
15.000000,36.000000,347.582715,2.000000
21.000000,36.000000,-280.565973,2.000000
26.000000,36.000000,-391.722323,2.000000
32.000000,36.000000,-376.984278,2.000000
38.000000,36.000000,-319.936756,2.000000
43.000000,36.000000,21.654653,2.000000
49.000000,36.000000,-483.499764,2.000000
55.000000,36.000000,-274.334884,2.000000
60.000000,36.000000,148.565363,2.000000
66.000000,36.000000,-388.375428,2.000000
71.000000,36.000000,-430.549663,2.000000
77.000000,36.000000,-310.796803,1.000000
83.000000,36.000000,-226.972686,1.000000
88.000000,36.000000,865.143946,1.000000
94.000000,36.000000,-222.674793,1.000000
100.000000,36.000000,164.886159,1.000000
105.000000,36.000000,-252.388260,1.000000
111.000000,36.000000,-465.610434,1.000000
117.000000,36.000000,399.463957,1.000000
122.000000,36.000000,-145.229570,1.000000
128.000000,36.000000,-266.953169,1.000000
134.000000,36.000000,-433.226170,0.000000
139.000000,36.000000,-444.649098,0.000000
145.000000,36.000000,-421.357262,0.000000
151.000000,36.000000,220.775963,0.000000
156.000000,36.000000,258.497636,0.000000
162.000000,36.000000,1129.355417,3.000000
168.000000,36.000000,611.932223,3.000000
173.000000,36.000000,-331.182051,3.000000
179.000000,36.000000,-576.826695,3.000000
185.000000,36.000000,-447.383780,3.000000
190.000000,36.000000,-409.154295,3.000000
196.000000,36.000000,352.227622,3.000000
3.000000,37.000000,-788.480629,2.000000
8.000000,37.000000,-578.574532,2.000000
14.000000,37.000000,275.494774,2.000000
20.000000,37.000000,-115.575278,2.000000
25.000000,37.000000,-320.389337,2.000000
31.000000,37.000000,-406.014384,2.000000
37.000000,37.000000,-385.364978,2.000000
42.000000,37.000000,88.986592,2.000000
48.000000,37.000000,-424.549934,2.000000
54.000000,37.000000,-264.891200,2.000000
59.000000,37.000000,211.018873,2.000000
65.000000,37.000000,-148.216653,2.000000
70.000000,37.000000,-447.022177,2.000000
76.000000,37.000000,-328.342874,1.000000
82.000000,37.000000,-336.529108,1.000000
87.000000,37.000000,889.577249,1.000000
93.000000,37.000000,-169.685948,1.000000
99.000000,37.000000,354.463651,1.000000
104.000000,37.000000,-255.825133,1.000000
110.000000,37.000000,-434.546759,1.000000
116.000000,37.000000,514.290210,1.000000
121.000000,37.000000,-393.126050,1.000000
127.000000,37.000000,-101.931554,1.000000
133.000000,37.000000,-448.276467,0.000000
138.000000,37.000000,-379.338506,0.000000
144.000000,37.000000,-411.303613,0.000000
150.000000,37.000000,88.497280,0.000000
155.000000,37.000000,317.057113,0.000000
161.000000,37.000000,856.959076,0.000000
167.000000,37.000000,1024.967199,3.000000
172.000000,37.000000,187.201324,3.000000
178.000000,37.000000,-342.025419,3.000000
184.000000,37.000000,-342.316599,3.000000
189.000000,37.000000,-29.245339,3.000000
195.000000,37.000000,439.073607,3.000000
2.000000,38.000000,-693.659574,2.000000
7.000000,38.000000,-736.868242,2.000000
13.000000,38.000000,83.420853,2.000000
19.000000,38.000000,-57.960082,2.000000
24.000000,38.000000,-288.358731,2.000000
30.000000,38.000000,-459.181746,2.000000
36.000000,38.000000,-365.962475,2.000000
41.000000,38.000000,128.641967,2.000000
47.000000,38.000000,-244.796073,2.000000
53.000000,38.000000,-154.136136,2.000000
58.000000,38.000000,111.991270,2.000000
64.000000,38.000000,80.802984,2.000000
69.000000,38.000000,-305.537047,2.000000
75.000000,38.000000,-482.612346,1.000000
81.000000,38.000000,-373.671282,1.000000
86.000000,38.000000,998.949621,1.000000
92.000000,38.000000,-169.714840,1.000000
98.000000,38.000000,485.665283,1.000000
103.000000,38.000000,-202.396757,1.000000
109.000000,38.000000,-471.103104,1.000000
115.000000,38.000000,414.515423,1.000000
120.000000,38.000000,-444.749032,1.000000
126.000000,38.000000,209.668409,1.000000
132.000000,38.000000,-434.649224,0.000000
137.000000,38.000000,-627.675224,0.000000
143.000000,38.000000,-373.536576,0.000000
149.000000,38.000000,-47.693670,0.000000
154.000000,38.000000,192.622950,0.000000
160.000000,38.000000,687.671804,0.000000
166.000000,38.000000,1685.667824,3.000000
171.000000,38.000000,808.599449,3.000000
177.000000,38.000000,1.735892,3.000000
183.000000,38.000000,-169.354977,3.000000
188.000000,38.000000,100.125287,3.000000
194.000000,38.000000,530.542320,3.000000
1.000000,39.000000,-553.379658,2.000000
6.000000,39.000000,-672.662033,2.000000
12.000000,39.000000,-27.459412,2.000000
18.000000,39.000000,160.492358,2.000000
23.000000,39.000000,-277.087114,2.000000
29.000000,39.000000,-396.508781,2.000000
35.000000,39.000000,-202.428645,2.000000
40.000000,39.000000,107.460783,2.000000
46.000000,39.000000,67.755199,2.000000
52.000000,39.000000,-13.846552,2.000000
57.000000,39.000000,-90.904070,2.000000
63.000000,39.000000,86.118926,2.000000
68.000000,39.000000,-124.990673,2.000000
74.000000,39.000000,-542.987748,1.000000
80.000000,39.000000,-435.763235,1.000000
85.000000,39.000000,1029.974526,1.000000
91.000000,39.000000,-257.596117,1.000000
97.000000,39.000000,366.544565,1.000000
102.000000,39.000000,-172.514281,1.000000
108.000000,39.000000,-350.228564,1.000000
114.000000,39.000000,272.167293,1.000000
119.000000,39.000000,-269.096374,1.000000
125.000000,39.000000,143.778213,1.000000
131.000000,39.000000,-397.667026,0.000000
136.000000,39.000000,-825.786507,0.000000
142.000000,39.000000,-416.964906,0.000000
148.000000,39.000000,-230.559463,0.000000
153.000000,39.000000,-121.428521,0.000000
159.000000,39.000000,267.965804,0.000000
165.000000,39.000000,1365.053674,3.000000
170.000000,39.000000,1004.287869,3.000000
176.000000,39.000000,213.766827,3.000000
182.000000,39.000000,172.982096,3.000000
187.000000,39.000000,-7.095083,3.000000
193.000000,39.000000,543.868113,3.000000
199.000000,39.000000,394.028344,3.000000
0.000000,40.000000,-300.158539,2.000000
5.000000,40.000000,-513.187062,2.000000
11.000000,40.000000,-141.454596,2.000000
17.000000,40.000000,347.671650,2.000000
22.000000,40.000000,-260.812582,2.000000
28.000000,40.000000,-298.042735,2.000000
34.000000,40.000000,-23.581662,2.000000
39.000000,40.000000,104.797260,2.000000
45.000000,40.000000,355.690204,2.000000
51.000000,40.000000,-18.505142,2.000000
56.000000,40.000000,-253.741038,2.000000
62.000000,40.000000,-83.983845,2.000000
67.000000,40.000000,-171.144874,2.000000
73.000000,40.000000,-516.338817,1.000000
79.000000,40.000000,-587.474700,1.000000
84.000000,40.000000,861.326616,1.000000
90.000000,40.000000,-236.136489,1.000000
96.000000,40.000000,307.570948,1.000000
101.000000,40.000000,-115.463029,1.000000
107.000000,40.000000,-233.860945,1.000000
113.000000,40.000000,-40.589185,1.000000
118.000000,40.000000,49.716817,1.000000
124.000000,40.000000,142.209417,1.000000
130.000000,40.000000,-285.370541,0.000000
135.000000,40.000000,-844.299555,0.000000
141.000000,40.000000,-426.544569,0.000000
147.000000,40.000000,-267.835818,0.000000
152.000000,40.000000,-215.806710,0.000000
158.000000,40.000000,-11.207257,0.000000
164.000000,40.000000,996.984621,3.000000
169.000000,40.000000,958.162433,3.000000
175.000000,40.000000,400.233427,3.000000
181.000000,40.000000,316.577898,3.000000
186.000000,40.000000,181.728622,3.000000
192.000000,40.000000,696.640635,3.000000
198.000000,40.000000,357.829387,3.000000
4.000000,41.000000,-456.413895,2.000000
10.000000,41.000000,-276.267265,2.000000
16.000000,41.000000,336.812583,2.000000
21.000000,41.000000,-263.042312,2.000000
27.000000,41.000000,-278.183901,2.000000
33.000000,41.000000,-55.027980,2.000000
38.000000,41.000000,86.747603,2.000000
44.000000,41.000000,402.173755,2.000000
50.000000,41.000000,168.440172,2.000000
55.000000,41.000000,-340.071178,2.000000
61.000000,41.000000,-237.081866,2.000000
66.000000,41.000000,-234.496643,2.000000
72.000000,41.000000,-487.410189,1.000000
78.000000,41.000000,-641.274626,1.000000
83.000000,41.000000,604.002579,1.000000
89.000000,41.000000,-30.172969,1.000000
95.000000,41.000000,10.006867,1.000000
100.000000,41.000000,182.679450,1.000000
106.000000,41.000000,-251.609925,1.000000
112.000000,41.000000,-296.789197,1.000000
117.000000,41.000000,342.108668,1.000000
123.000000,41.000000,148.680196,1.000000
129.000000,41.000000,44.754102,0.000000
134.000000,41.000000,-683.524116,0.000000
140.000000,41.000000,-602.227090,0.000000
146.000000,41.000000,-380.974043,0.000000
151.000000,41.000000,-127.490091,0.000000
157.000000,41.000000,24.110104,0.000000
163.000000,41.000000,402.685219,3.000000
168.000000,41.000000,1086.230178,3.000000
174.000000,41.000000,537.344609,3.000000
180.000000,41.000000,400.219491,3.000000
185.000000,41.000000,465.896530,3.000000
191.000000,41.000000,940.026151,3.000000
197.000000,41.000000,219.941526,3.000000
3.000000,42.000000,-363.938021,2.000000
9.000000,42.000000,-339.602135,2.000000
15.000000,42.000000,209.935243,2.000000
20.000000,42.000000,-78.507972,2.000000
26.000000,42.000000,-343.488689,2.000000
32.000000,42.000000,-180.205027,2.000000
37.000000,42.000000,154.962138,2.000000
43.000000,42.000000,376.352971,2.000000
49.000000,42.000000,385.411450,2.000000
54.000000,42.000000,-328.320538,2.000000
60.000000,42.000000,-344.762432,2.000000
65.000000,42.000000,-186.716622,2.000000
71.000000,42.000000,-404.788845,1.000000
77.000000,42.000000,-494.716641,1.000000
82.000000,42.000000,256.197671,1.000000
88.000000,42.000000,196.913681,1.000000
94.000000,42.000000,-99.768684,1.000000
99.000000,42.000000,591.552531,1.000000
105.000000,42.000000,-171.729821,1.000000
111.000000,42.000000,-535.292132,1.000000
116.000000,42.000000,248.963874,1.000000
122.000000,42.000000,178.338218,1.000000
128.000000,42.000000,-130.973000,1.000000
133.000000,42.000000,-387.580153,0.000000
139.000000,42.000000,-563.277711,0.000000
145.000000,42.000000,-531.720927,0.000000
150.000000,42.000000,-122.248090,0.000000
156.000000,42.000000,-145.300861,0.000000
162.000000,42.000000,-236.900741,3.000000
167.000000,42.000000,994.091178,3.000000
173.000000,42.000000,561.526853,3.000000
179.000000,42.000000,716.910854,3.000000
184.000000,42.000000,527.620171,3.000000
190.000000,42.000000,836.323951,3.000000
196.000000,42.000000,464.876867,3.000000
2.000000,43.000000,-200.613042,2.000000
8.000000,43.000000,-252.829226,2.000000
14.000000,43.000000,245.194583,2.000000
19.000000,43.000000,-101.693411,2.000000
25.000000,43.000000,-442.604863,2.000000
31.000000,43.000000,-299.761756,2.000000
36.000000,43.000000,163.494904,2.000000
42.000000,43.000000,341.138430,2.000000
48.000000,43.000000,441.888930,2.000000
53.000000,43.000000,-135.484693,2.000000
59.000000,43.000000,-362.454328,2.000000
64.000000,43.000000,-94.528808,2.000000
70.000000,43.000000,-368.292154,1.000000
76.000000,43.000000,-327.899296,1.000000
81.000000,43.000000,-83.507575,1.000000
87.000000,43.000000,429.488143,1.000000
93.000000,43.000000,-118.674318,1.000000
98.000000,43.000000,679.789331,1.000000
104.000000,43.000000,-177.366537,1.000000
110.000000,43.000000,-663.679005,1.000000
115.000000,43.000000,289.180526,1.000000
121.000000,43.000000,40.315874,1.000000
127.000000,43.000000,-220.540998,1.000000
132.000000,43.000000,-109.597877,0.000000
138.000000,43.000000,-462.550891,0.000000
144.000000,43.000000,-554.376713,0.000000
149.000000,43.000000,-319.104104,0.000000
155.000000,43.000000,-257.238366,0.000000
161.000000,43.000000,-482.442450,3.000000
166.000000,43.000000,609.030324,3.000000
172.000000,43.000000,593.414404,3.000000
178.000000,43.000000,768.257669,3.000000
183.000000,43.000000,630.472894,3.000000
189.000000,43.000000,631.425125,3.000000
195.000000,43.000000,524.664817,3.000000
1.000000,44.000000,-144.683504,2.000000
7.000000,44.000000,-97.263903,2.000000
13.000000,44.000000,281.309397,2.000000
18.000000,44.000000,-146.313043,2.000000
24.000000,44.000000,-478.272696,2.000000
30.000000,44.000000,-443.211478,2.000000
35.000000,44.000000,-53.751260,2.000000
41.000000,44.000000,235.146415,2.000000
47.000000,44.000000,403.731589,2.000000
52.000000,44.000000,5.273075,2.000000
58.000000,44.000000,-330.918853,2.000000
63.000000,44.000000,-141.629160,2.000000
69.000000,44.000000,-386.052295,2.000000
75.000000,44.000000,-183.605662,1.000000
80.000000,44.000000,-278.624794,1.000000
86.000000,44.000000,636.502547,1.000000
92.000000,44.000000,-57.726906,1.000000
97.000000,44.000000,589.959872,1.000000
103.000000,44.000000,-414.340710,1.000000
109.000000,44.000000,-550.637168,1.000000
114.000000,44.000000,305.772276,1.000000
120.000000,44.000000,-206.164023,1.000000
126.000000,44.000000,52.799765,1.000000
131.000000,44.000000,242.800199,0.000000
137.000000,44.000000,-445.018779,0.000000
143.000000,44.000000,-492.358854,0.000000
148.000000,44.000000,-535.660592,0.000000
154.000000,44.000000,42.640637,0.000000
160.000000,44.000000,-464.575933,0.000000
165.000000,44.000000,-112.923229,3.000000
171.000000,44.000000,831.059454,3.000000
177.000000,44.000000,621.618652,3.000000
182.000000,44.000000,759.979228,3.000000
188.000000,44.000000,414.562949,3.000000
194.000000,44.000000,542.711165,3.000000
199.000000,44.000000,276.491213,3.000000
0.000000,45.000000,118.169941,2.000000
6.000000,45.000000,6.028047,2.000000
12.000000,45.000000,152.528872,2.000000
17.000000,45.000000,-26.686224,2.000000
23.000000,45.000000,-373.227223,2.000000
29.000000,45.000000,-563.117593,2.000000
34.000000,45.000000,-357.822697,2.000000
40.000000,45.000000,144.092705,2.000000
46.000000,45.000000,241.614335,2.000000
51.000000,45.000000,-13.864125,2.000000
57.000000,45.000000,-499.116038,2.000000
62.000000,45.000000,-351.467536,2.000000
68.000000,45.000000,-250.779817,2.000000
74.000000,45.000000,133.155860,1.000000
79.000000,45.000000,-245.139316,1.000000
85.000000,45.000000,779.066366,1.000000
91.000000,45.000000,-47.848893,1.000000
96.000000,45.000000,323.961033,1.000000
102.000000,45.000000,-520.859640,1.000000
108.000000,45.000000,-406.163343,1.000000
113.000000,45.000000,178.919602,1.000000
119.000000,45.000000,-285.549879,1.000000
125.000000,45.000000,-43.514843,1.000000
130.000000,45.000000,361.109249,0.000000
136.000000,45.000000,-290.605482,0.000000
142.000000,45.000000,-486.498815,0.000000
147.000000,45.000000,-533.373294,0.000000
153.000000,45.000000,58.746347,0.000000
159.000000,45.000000,-226.456206,0.000000
164.000000,45.000000,-479.738049,3.000000
170.000000,45.000000,753.687566,3.000000
176.000000,45.000000,530.430988,3.000000
181.000000,45.000000,780.113966,3.000000
187.000000,45.000000,469.226644,3.000000
193.000000,45.000000,388.534432,3.000000
198.000000,45.000000,352.067674,3.000000
5.000000,46.000000,285.476349,2.000000
11.000000,46.000000,128.389214,2.000000
16.000000,46.000000,-39.595149,2.000000
22.000000,46.000000,-171.487699,2.000000
28.000000,46.000000,-510.497416,2.000000
33.000000,46.000000,-483.426529,2.000000
39.000000,46.000000,113.871743,2.000000
45.000000,46.000000,11.335873,2.000000
50.000000,46.000000,-243.811982,2.000000
56.000000,46.000000,-652.105982,2.000000
61.000000,46.000000,-433.454877,2.000000
67.000000,46.000000,-163.340739,2.000000
73.000000,46.000000,352.920232,1.000000
78.000000,46.000000,-210.483799,1.000000
84.000000,46.000000,793.467223,1.000000
90.000000,46.000000,42.592962,1.000000
95.000000,46.000000,120.562043,1.000000
101.000000,46.000000,-441.883969,1.000000
107.000000,46.000000,-423.073634,1.000000
112.000000,46.000000,-110.990730,1.000000
118.000000,46.000000,-173.483826,1.000000
124.000000,46.000000,-280.380680,1.000000
129.000000,46.000000,100.375474,0.000000
135.000000,46.000000,-129.911936,0.000000
141.000000,46.000000,-560.146600,0.000000
146.000000,46.000000,-397.924216,0.000000
152.000000,46.000000,-258.130452,0.000000
158.000000,46.000000,38.098720,0.000000
163.000000,46.000000,-476.698857,3.000000
169.000000,46.000000,276.013435,3.000000
175.000000,46.000000,354.568256,3.000000
180.000000,46.000000,613.059943,3.000000
186.000000,46.000000,355.162839,3.000000
192.000000,46.000000,295.610467,3.000000
197.000000,46.000000,72.465164,3.000000
4.000000,47.000000,309.388140,2.000000
10.000000,47.000000,107.751837,2.000000
15.000000,47.000000,-30.749309,2.000000
21.000000,47.000000,-30.908693,2.000000
27.000000,47.000000,-497.502905,2.000000
32.000000,47.000000,-533.746516,2.000000
38.000000,47.000000,-55.735887,2.000000
44.000000,47.000000,-118.288996,2.000000
49.000000,47.000000,-357.574955,2.000000
55.000000,47.000000,-611.156633,2.000000
60.000000,47.000000,-438.829280,2.000000
66.000000,47.000000,-100.131318,2.000000
72.000000,47.000000,386.859925,1.000000
77.000000,47.000000,-33.919356,1.000000
83.000000,47.000000,702.787509,1.000000
89.000000,47.000000,161.566808,1.000000
94.000000,47.000000,-148.932042,1.000000
100.000000,47.000000,-183.073553,1.000000
106.000000,47.000000,-462.513957,1.000000
111.000000,47.000000,-332.004311,1.000000
117.000000,47.000000,-156.573703,1.000000
123.000000,47.000000,-207.457338,1.000000
128.000000,47.000000,-283.121611,1.000000
134.000000,47.000000,331.538348,0.000000
140.000000,47.000000,-776.780013,0.000000
145.000000,47.000000,-330.925560,0.000000
151.000000,47.000000,-647.653019,0.000000
157.000000,47.000000,59.094369,0.000000
162.000000,47.000000,-339.392940,3.000000
168.000000,47.000000,-60.008897,3.000000
174.000000,47.000000,241.140566,3.000000
179.000000,47.000000,374.200224,3.000000
185.000000,47.000000,266.313243,3.000000
191.000000,47.000000,225.098090,3.000000
196.000000,47.000000,-123.292407,3.000000
3.000000,48.000000,307.001963,2.000000
9.000000,48.000000,200.647831,2.000000
14.000000,48.000000,-10.807858,2.000000
20.000000,48.000000,-13.043619,2.000000
26.000000,48.000000,-537.159658,2.000000
31.000000,48.000000,-479.091619,2.000000
37.000000,48.000000,-105.048283,2.000000
43.000000,48.000000,-45.917266,2.000000
48.000000,48.000000,-343.256931,2.000000
54.000000,48.000000,-537.648040,2.000000
59.000000,48.000000,-480.427017,2.000000
65.000000,48.000000,-136.538349,2.000000
71.000000,48.000000,106.168508,1.000000
76.000000,48.000000,299.625611,1.000000
82.000000,48.000000,567.298856,1.000000
88.000000,48.000000,301.261519,1.000000
93.000000,48.000000,-183.223827,1.000000
99.000000,48.000000,212.871189,1.000000
105.000000,48.000000,-379.580320,1.000000
110.000000,48.000000,-424.295429,1.000000
116.000000,48.000000,-43.919851,1.000000
122.000000,48.000000,-98.200826,1.000000
127.000000,48.000000,-600.991334,1.000000
133.000000,48.000000,725.963519,0.000000
139.000000,48.000000,-439.235326,0.000000
144.000000,48.000000,-213.197920,0.000000
150.000000,48.000000,-571.564719,0.000000
156.000000,48.000000,108.647152,0.000000
161.000000,48.000000,-245.282875,3.000000
167.000000,48.000000,-72.938054,3.000000
173.000000,48.000000,45.088019,3.000000
178.000000,48.000000,227.662567,3.000000
184.000000,48.000000,241.696085,3.000000
190.000000,48.000000,185.434370,3.000000
195.000000,48.000000,-227.503855,3.000000
2.000000,49.000000,405.847838,2.000000
8.000000,49.000000,417.257423,2.000000
13.000000,49.000000,-3.707740,2.000000
19.000000,49.000000,-142.062237,2.000000
25.000000,49.000000,-551.741069,2.000000
30.000000,49.000000,-388.561764,2.000000
36.000000,49.000000,-170.177112,2.000000
42.000000,49.000000,-144.798411,2.000000
47.000000,49.000000,-508.590155,2.000000
53.000000,49.000000,-562.388887,2.000000
58.000000,49.000000,-540.875079,2.000000
64.000000,49.000000,-305.154331,2.000000
70.000000,49.000000,-39.358911,1.000000
75.000000,49.000000,634.981284,1.000000
81.000000,49.000000,304.599644,1.000000
87.000000,49.000000,129.148498,1.000000
92.000000,49.000000,-122.917477,1.000000
98.000000,49.000000,256.462558,1.000000
104.000000,49.000000,-420.447127,1.000000
109.000000,49.000000,-441.333806,1.000000
115.000000,49.000000,55.881303,1.000000
121.000000,49.000000,66.763219,1.000000
126.000000,49.000000,-649.930793,1.000000
132.000000,49.000000,430.911891,0.000000
138.000000,49.000000,53.120852,0.000000
143.000000,49.000000,-151.756520,0.000000
149.000000,49.000000,-442.127907,0.000000
155.000000,49.000000,-335.689805,0.000000
160.000000,49.000000,-371.403365,0.000000
166.000000,49.000000,-88.450913,3.000000
172.000000,49.000000,-85.778192,3.000000
177.000000,49.000000,-56.395633,3.000000
183.000000,49.000000,-152.121354,3.000000
189.000000,49.000000,-178.280258,3.000000
194.000000,49.000000,-219.360359,3.000000
